TICKER;PRECO;DY;P/L;P/VP;P/ATIVOS;MARGEM BRUTA;MARGEM EBIT;MARG. LIQUIDA;P/EBIT;EV/EBIT;DIVIDA LIQUIDA / EBIT;DIV. LIQ. / PATRI.;PSR;P/CAP. GIRO;P. AT CIR. LIQ.;LIQ. CORRENTE;ROE;ROA;ROIC;PATRIMONIO / ATIVOS;PASSIVOS / ATIVOS;GIRO ATIVOS;CAGR RECEITAS 5 ANOS;CAGR LUCROS 5 ANOS; LIQUIDEZ MEDIA DIARIA; VPA; LPA; PEG Ratio; VALOR DE MERCADO
AALR3;9.49;;-3.92;1.3;0.45;30.29;-1.09;-25.3;-90.94;-165.78;-72.55;1.03;0.99;-3.49;-0.53;0.55;-33.11;-11.37;-1.98;0.34;0.65;0.45;0.13;;1740903.41;7.32;-2.42;-0.01;1122598824
ABCB4;18.99;6.35;5.46;0.79;0.08;31.62;25.25;19.35;4.19;4.25;;;1.06;3.47;-0.08;1.5;14.5;1.45;;0.1;0.9;0.07;18.7;12.95;11905863.56;23.98;3.48;0.37;4293451341
ABEV3;12.29;6.2;13.56;2.28;1.45;49.95;21.5;17.26;10.89;10.71;-0.47;-0.1;2.34;956.91;-1.96;1.01;16.78;10.71;18.2;0.64;0.35;0.62;10.72;14.46;317770536.9;5.4;0.91;2.5;1.93615E+11
ADHM3;1.56;;-4.09;-1.29;105.12;100;-13548.48;-18860.61;-5.69;-5.69;0;;770.9;-1.43;-116.16;0;-31.47;-2571.9;22.61;-81.72;82.72;0.14;;;;-1.21;-0.38;-0.58;25439770.2
AERI3;0.78;;-5.6;0.71;0.19;13.03;9.37;-3.59;2.15;5.58;3.38;1.11;0.2;0.79;-0.49;1.63;-12.65;-3.35;9.83;0.27;0.73;0.93;;;5385316.62;1.1;-0.14;0;597646495.7
AESB3;10.22;;42.44;1.4;0.31;34.55;27.4;4.68;7.25;17.19;9.82;1.89;1.99;3.65;-0.39;1.64;3.29;0.73;4.29;0.22;0.73;0.16;;;22184492.03;7.32;0.24;-0.61;6151697118
AFLT3;7.7;3.41;15.85;1.86;1.55;57.31;45.58;44.72;15.56;14.55;-0.38;-0.05;7.09;15.92;-1.93;1.98;11.71;9.8;10.57;0.84;0.16;0.22;24.96;19.61;15174.81;4.15;0.49;-0.21;485752190
AGRO3;24.03;13.22;9.19;1.12;0.7;30.76;21.55;20.98;8.95;10.79;1.67;0.21;1.93;3.44;-1.14;2.14;12.22;7.65;8.56;0.63;0.37;0.36;27.22;16.28;21947702.05;21.4;2.62;-0.19;2467483159
AGXY3;3.81;1.04;-3.31;0.62;0.07;12.38;3.9;-1.77;1.5;3.66;2.15;0.88;0.06;1.33;-0.36;1.08;-18.62;-2.24;13.29;0.12;0.88;1.27;;;262281.82;6.18;-1.15;0;650843208.1
AHEB3;16;;1.82;15.94;0.37;35.19;21.45;15.93;1.36;1.03;-0.32;-3.79;0.29;2.79;-0.64;1.46;873.55;20.39;683.71;0.02;0.98;1.28;20.77;;3642.5;1;8.77;0;136782554
AHEB5;16.59;;1.89;16.53;0.39;35.19;21.45;15.93;1.41;1.03;-0.32;-3.79;0.3;2.89;-0.67;1.46;873.55;20.39;683.71;0.02;0.98;1.28;20.77;;2203;1;8.77;0;136782554
AHEB6;17.02;;1.94;16.95;0.4;35.19;21.45;15.93;1.44;1.03;-0.32;-3.79;0.31;2.96;-0.69;1.46;873.55;20.39;683.71;0.02;0.98;1.28;20.77;;1702;1;8.77;0;136782554
ALLD3;5.46;6.48;8.11;0.33;0.14;13.77;3.6;1.16;2.62;3.85;1.2;0.15;0.09;0.52;-0.46;1.65;4.1;1.75;7.52;0.43;0.57;1.51;14.71;27.14;122628.67;16.44;0.67;-0.15;508984377.7
ALPA3;7.96;;-23.84;1.02;0.7;42.24;-7.11;-5.67;-19;-22.31;-3.27;0.18;1.35;3.1;-1.12;2.5;-4.3;-2.94;-6.09;0.68;0.32;0.52;2.36;;23596.79;7.77;-0.33;0.17;5375336011
ALPA4;7.78;;-23.3;1;0.68;42.24;-7.11;-5.67;-18.57;-22.31;-3.27;0.18;1.32;3.03;-1.1;2.5;-4.3;-2.94;-6.09;0.68;0.32;0.52;2.36;;39154497.51;7.77;-0.33;0.16;5375336011
ALPK3;4.2;;-7.03;2.46;0.34;29.43;9.95;-10.37;7.32;17.23;9.89;3.32;0.73;-3.1;-0.4;0.6;-34.95;-4.79;6.2;0.14;0.86;0.46;3.17;;614410.64;1.71;-0.6;0.25;900591396.6
ALSC3;27.75;;38.57;2.2;1.2;75.71;65.32;27.78;16.41;14.85;-1.56;-0.21;10.72;9.41;-1.43;5.39;5.69;3.12;11.21;0.55;0.44;0.11;2.54;19.34;;12.64;0.72;0.58;5694242308
ALSO3;23.33;2.22;4.18;0.91;0.47;101.46;315.02;172.55;2.29;2;-0.29;-0.12;7.21;10.12;-0.53;1.87;21.84;11.36;26.95;0.52;0.44;0.07;25.65;87.46;113335999.6;25.57;5.58;0;13389948087
ALUP11;28.21;5.96;11.31;1.15;0.31;76.94;72.93;23.99;3.72;7.7;3.93;1.22;2.71;2.78;-0.38;2.44;10.19;2.7;9.59;0.27;0.61;0.11;20.04;18.11;20558228.87;24.49;2.5;-0.39;8597239203
ALUP3;9.39;5.96;11.29;1.15;0.31;76.94;72.93;23.99;3.71;7.7;3.93;1.22;2.71;2.78;-0.38;2.44;10.19;2.7;9.59;0.27;0.61;0.11;20.04;18.11;110723.87;8.16;0.83;-0.39;8597239203
ALUP4;9.44;5.93;11.35;1.16;0.31;76.94;72.93;23.99;3.73;7.7;3.93;1.22;2.72;2.8;-0.38;2.44;10.19;2.7;9.59;0.27;0.61;0.11;20.04;18.11;178287.95;8.16;0.83;-0.39;8597239203
AMAR3;2.7;;-0.37;0.61;0.07;37.33;-10.87;-19.59;-0.67;-4.34;-3.8;3.46;0.07;-44.99;-0.13;1;-163.84;-18.69;-18.84;0.11;0.89;0.95;-0.89;;3131313.18;4.44;-7.27;0;185135171.4
AMBP3;14.19;0.95;-13.98;1.5;0.15;23.53;17.72;-2.54;2;7.51;5.4;4.05;0.35;0.5;-0.28;2.75;-10.75;-1.06;7.48;0.1;0.84;0.42;83.52;;20829103.15;9.44;-1.02;0.07;1602555994
AMER3;0.77;;16.2;0.05;0.02;30.68;4.18;0.15;0.59;8.25;7.64;0.59;0.02;0.08;-0.03;1.84;0.28;0.1;1.24;0.35;0.65;0.65;21.42;;7454489.38;16.74;0.05;-0.42;694947717.3
ANDG3B;28.82;;59.95;2.23;1.88;47.12;179.06;45.82;15.34;8.6;0.93;0.13;27.47;-25.32;-1.93;0.26;3.71;3.14;12.68;0.85;0.15;0.07;10.22;-38.09;;12.94;0.48;-0.78;1651867986
ANDG4B;0;;0;0;0;47.12;179.06;45.82;0;8.6;0.93;0.13;0;0;0;0.26;3.71;3.14;12.68;0.85;0.15;0.07;10.22;-38.09;;12.94;0.48;0;1651867986
ANIM3;2.72;;-10.01;0.43;0.11;57.41;10.29;-3.02;2.94;14.21;11.14;1.62;0.3;8.38;-0.14;1.07;-4.26;-1.09;-0.38;0.26;0.7;0.36;27.79;;27818262.44;6.39;-0.27;0.15;1098523150
APER3;32.38;1;14.04;0.78;0.5;100;9.07;9.31;14.41;11.49;-3.11;-0.17;1.31;20.26;-0.65;1.12;5.57;3.6;3.59;0.65;0.35;0.39;22.9;;895954.21;41.37;2.31;0.04;371726738.9
APTI3;197.64;;-0.16;0.02;0.01;94.43;-97.83;-52.08;-0.08;-0.46;0.54;-0.11;0.08;0.02;-0.01;6.4;-10.9;-4.82;-22.96;0.44;0.56;0.09;4.07;;;11599.68;-1264.69;0;44442750
APTI4;3500;;-2.77;0.3;0.13;94.43;-97.83;-52.08;-1.47;-0.46;0.54;-0.11;1.44;0.36;-0.24;6.4;-10.9;-4.82;-22.96;0.44;0.56;0.09;4.07;;;11599.68;-1264.69;0;44442750
ARML3;12.28;1.25;26.65;3.62;1.13;48.4;34.24;14.07;10.96;14.96;3.54;1.17;3.75;5.55;-1.64;2.9;13.57;4.24;11.42;0.31;0.69;0.3;;;7945873.05;3.4;0.46;0.43;4249076983
ARZZ3;58.8;2.71;17.64;2.34;1.2;53.36;10.78;8.03;13.15;14.36;0.7;0.12;1.42;6.11;-2.45;1.63;13.29;6.81;12.78;0.51;0.48;0.85;25.49;19.09;100841857.7;25.08;3.33;-1.24;6526165313
ASAI3;11.13;0.78;13.95;3.78;0.38;16.44;5.06;1.85;5.11;8.34;2.97;2.2;0.26;-5.11;-0.56;0.81;27.09;2.76;17.32;0.1;0.9;1.49;;;161317606.1;2.95;0.8;-0.44;15041789222
ATMP3;3.28;;0.08;-0.25;0.05;-22.72;-46.86;258.67;-0.45;-1.88;-1.43;;0.21;-0.1;-0.07;0.3;-305.71;64.77;-588.68;-0.21;1.21;0.25;-16.95;;207639.79;-13.18;40.3;0;87609967.68
ATOM3;1.9;16.86;20.48;2.33;1.59;94.22;5.18;8.23;32.54;19.33;-13.21;-0.94;1.69;1.67;-71.23;34.11;11.36;7.75;4.23;0.68;0.32;0.94;;-11.48;12876.08;0.82;0.09;-0.27;45229306.2
AURA33;32.75;4.34;10.6;1.44;0.62;36.27;23.68;11.46;5.13;6.52;1.39;0.39;1.21;9.82;-0.92;1.24;13.62;5.84;12.85;0.43;0.57;0.51;32.13;63.49;1487337.67;22.68;3.09;-0.24;2316815565
AURE3;13.26;11.31;4.28;0.9;0.4;21.03;27.6;52.7;8.18;8.59;0.27;0.03;2.26;2.73;-0.56;2.12;20.94;9.38;5.22;0.45;0.55;0.18;;;49695267.49;14.79;3.1;0;13260000000
AVLL3;4.3;;-0.24;-0.24;0.09;26.7;-77.39;-151.33;-0.47;-4.13;-3.64;;0.36;-0.15;-0.12;0.32;-99.81;-36.22;-46.92;-0.36;1.36;0.24;19.61;;3523.88;-18.05;-18.01;-0.01;123045415.9
AZEV3;1.97;;-3.84;1.54;0.3;8.06;-12.68;-8.98;-2.72;-3.38;-0.63;0.35;0.34;-2.73;-0.51;0.79;-40.11;-7.78;-73.14;0.19;0.81;0.87;43.23;;2527134.54;1.28;-0.51;0.01;182881066.8
AZEV4;1.96;;-3.82;1.53;0.3;8.06;-12.68;-8.98;-2.7;-3.38;-0.63;0.35;0.34;-2.72;-0.51;0.79;-40.11;-7.78;-73.14;0.19;0.81;0.87;43.23;;6040175;1.28;-0.51;0.01;182881066.8
AZUL4;12.79;;-9.97;-0.82;0.94;19.58;10.89;-9.23;8.46;13.73;11.3;;0.92;-1.33;-1.29;0.28;-8.24;-9.47;75.25;-1.15;2.15;1.03;15.41;;160365191;-15.56;-1.28;0.31;4451989356
B3SA3;11.2;3.63;15.61;3.17;1.38;85.58;52.07;39.68;11.9;11.94;-0.52;-0.14;6.19;10.52;-2.1;1.62;20.33;8.85;12.3;0.44;0.56;0.22;22.44;26.36;450099819.2;3.53;0.72;-2.44;65172800000
BAHI3;8.58;;-2.56;3.49;0.35;42.87;-8.43;-23.65;-7.18;-12.48;-5.31;2.58;0.61;-1.12;-0.38;0.19;-136.46;-13.69;-15.52;0.1;0.88;0.58;56.84;;24570.75;2.46;-3.35;-0.14;226431193.6
BALM3;11;1.96;134.75;0.76;0.43;58.39;9.82;0.44;6.01;4.24;-1.5;-0.19;0.59;0.95;-1.44;2.92;0.56;0.32;6.55;0.57;0.42;0.74;8.44;3.46;2001.65;14.53;0.08;-1.39;102900000
BALM4;10;2.16;122.5;0.69;0.4;58.39;9.82;0.44;5.47;4.24;-1.5;-0.19;0.54;0.86;-1.31;2.92;0.56;0.32;6.55;0.57;0.42;0.74;8.44;3.46;9812.18;14.53;0.08;-1.27;102900000
BAUH4;70.9;1.71;-96.87;3.86;2.29;21.55;3.82;-1.82;46.17;43.94;-2.23;-0.19;1.76;30.29;-4.17;1.2;-3.98;-2.36;-3.45;0.59;0.41;1.3;3.33;;14837.56;18.39;-0.73;0.67;370255539.8
BAZA3;80.99;6.58;3.63;0.83;0.11;29.18;53.1;34.41;2.36;2.27;;;1.25;2.75;-0.12;;22.87;3.06;;0.13;0.87;0.09;17.64;80.88;419792.67;97.45;22.28;0.08;4540162932
BBAS3;48.8;9.42;4.3;0.86;0.07;32.03;16.16;12.35;3.29;3.37;;;0.53;2.32;-0.07;12.76;20.01;1.57;;0.08;0.92;0.13;9.97;25.08;410258453.9;56.75;11.36;0.1;1.39832E+11
BBDC3;12.49;7.34;8.16;0.8;0.07;31.88;6.19;7.37;9.71;10.57;;;0.6;0.89;-0.08;7.16;9.78;0.87;;0.09;0.91;0.12;8.37;-0.96;76540639.59;15.64;1.53;-0.24;1.42801E+11
BBDC4;14.35;7.02;9.38;0.92;0.08;31.88;6.19;7.37;11.16;10.57;;;0.69;1.03;-0.09;7.16;9.78;0.87;;0.09;0.91;0.12;8.37;-0.96;452960823.4;15.64;1.53;-0.28;1.42801E+11
BBML3;3936.42;;48754.69;149535.6;154.1;6.84;2.69;0.2;3576.72;3586.4;9.67;404.48;96.25;-869.12;-250.59;0.68;306.71;0.32;5.37;0;1;1.6;41.29;1.17;;0.03;0.08;-384.83;1.60452E+11
BBSE3;30.95;11.26;8.62;6.92;3.65;;;;7.52;7.62;;;;-516.87;-5.35;0.98;80.32;42.31;;0.53;0.47;0;;12.15;138026945.1;4.47;3.59;0.19;61900000000
BDLL3;10;;0.29;-0.11;0.03;-48.56;-81.27;144.73;-0.52;-5.54;-5.06;;0.42;-2.14;-0.05;0.98;-38.84;8.78;-337.02;-0.23;1.23;0.06;-27.58;;4295.86;-88.93;34.54;0;15007192
BDLL4;9;;0.26;-0.1;0.02;-48.56;-81.27;144.73;-0.46;-5.54;-5.06;;0.38;-1.93;-0.04;0.98;-38.84;8.78;-337.02;-0.23;1.23;0.06;-27.58;;4129.47;-88.93;34.54;0;15007192
BEEF11;3.62;;6.26;5.36;0.11;19.56;7.51;1.21;1.01;5.66;3.54;18.78;0.08;0.56;-0.27;1.5;85.67;1.77;14.51;0.02;0.95;1.46;20.68;;;0.67;0.58;-0.12;4621426727
BEEF3;7.61;7.24;13.16;11.28;0.23;19.56;7.51;1.21;2.13;5.66;3.54;18.78;0.16;1.18;-0.56;1.5;85.67;1.77;14.51;0.02;0.95;1.46;20.68;;79589924.36;0.67;0.58;-0.24;4621426727
BEES3;8.61;7.28;8.3;1.34;0.07;26.39;8.82;6.42;6.05;6.24;;;0.53;0.71;-0.08;;16.14;0.85;;0.05;0.95;0.13;12.53;14.38;102960.08;6.43;1.04;-1.67;2788784281
BEES4;9.42;6.66;9.08;1.47;0.08;26.39;8.82;6.42;6.62;6.24;;;0.58;0.78;-0.09;;16.14;0.85;;0.05;0.95;0.13;12.53;14.38;31883.03;6.43;1.04;-1.83;2788784281
BFRE11;0;;0;0;0;30.45;173.79;145.79;0;;;;0;0;0;;9.24;8.32;;0.9;0.09;0.06;;12.75;;297220.36;27456.07;0;
BFRE12;0;;0;0;0;30.45;173.79;145.79;0;;;;0;0;0;;9.24;8.32;;0.9;0.09;0.06;;12.75;;297220.36;27456.07;0;
BGIP3;27.06;8.29;7.42;0.77;0.05;35.65;5.57;5.27;7.01;6.45;;;0.39;-0.36;-0.1;0.76;10.32;0.71;;0.07;0.93;0.14;8.79;-6.36;34773.47;35.35;3.65;0.3;411407023.3
BGIP4;21.61;11.42;5.93;0.61;0.04;35.65;5.57;5.27;5.6;6.45;;;0.31;-0.28;-0.08;0.76;10.32;0.71;;0.07;0.93;0.14;8.79;-6.36;20086.47;35.35;3.65;0.24;411407023.3
BHIA3;0.48;;-0.99;0.25;0.03;30.67;1.83;-3.76;2.03;16.05;13.93;1.7;0.04;-0.31;-0.06;0.79;-25.05;-3.5;-4.45;0.14;0.86;0.93;3.76;;80980552.38;1.94;-0.49;-0.01;1140998675
BIDI11;10.4;;-238.07;1.08;0.23;50.04;-13.62;-5.22;-91.21;-91.21;;;12.42;;-0.24;;-0.45;-0.1;;0.22;0.78;0.02;5.8;;;9.67;-0.04;0.13;8991139765
BIDI3;3.4;;-233.49;1.06;0.23;50.04;-13.62;-5.22;-89.46;-91.21;;;12.19;;-0.24;;-0.45;-0.1;;0.22;0.78;0.02;5.8;;;3.22;-0.01;0.12;8991139765
BIDI4;3.41;;-234.18;1.06;0.23;50.04;-13.62;-5.22;-89.72;-91.21;;;12.22;;-0.24;;-0.45;-0.1;;0.22;0.78;0.02;5.8;;;3.22;-0.01;0.12;8991139765
BIOM3;4.66;;-4.69;3.43;1.21;15.66;-64.63;-72.57;-5.26;-6.7;-1.39;0.91;3.4;8.89;-1.92;1.59;-73.28;-25.89;-28.34;0.35;0.65;0.36;299.61;;26401.05;1.36;-0.99;1.16;415207509.8
BLAU3;16.19;2.97;9.32;1.55;1.16;44.32;26.97;23.07;7.97;7.72;-0.41;-0.08;2.15;2.69;-2.7;4.14;16.63;12.47;13.37;0.75;0.25;0.54;;;7837786;10.45;1.74;-16.28;2904387872
BLUT3;5.14;;-5.63;0.46;0.14;;;;-6.17;-4.91;-1.59;0.12;;-1.08;-0.14;0;-8.15;-2.46;-6.65;0.3;0.7;0;;;;11.21;-0.91;0.2;14115600.06
BLUT4;1.52;;-1.66;0.14;0.04;;;;-1.82;-4.91;-1.59;0.12;;-0.32;-0.04;0;-8.15;-2.46;-6.65;0.3;0.7;0;;;;11.21;-0.91;0.06;14115600.06
BMEB3;13.34;5.15;6.28;1;0.08;51.41;6.14;5.24;5.36;5.17;;;0.33;0.71;-0.09;;15.91;1.26;;0.08;0.92;0.24;5.94;25.14;4530.61;13.35;2.12;0.57;1345684415
BMEB4;12.01;6.29;5.65;0.9;0.07;51.41;6.14;5.24;4.82;5.17;;;0.3;0.64;-0.08;;15.91;1.26;;0.08;0.92;0.24;5.94;25.14;185052.26;13.35;2.12;0.51;1345684415
BMGB4;2.32;6.26;10.49;0.33;0.03;36.06;-1.6;1.83;-11.99;-12.15;;;0.19;;-0.03;;3.17;0.29;;0.09;0.91;0.16;19.34;59.92;1095777.9;6.97;0.22;0.48;1353099194
BMIN3;23.92;5.05;12.31;0.86;0.45;57.6;30.85;24.12;9.62;9.16;;;2.97;47.23;-0.45;;6.95;3.63;;0.52;0.48;0.15;16.78;;8955.5;27.95;1.94;0.17;109787350
BMIN4;15.99;7.55;8.23;0.57;0.3;57.6;30.85;24.12;6.43;9.16;;;1.98;31.57;-0.3;;6.95;3.63;;0.52;0.48;0.15;16.78;;8203.69;27.95;1.94;0.11;109787350
BMKS3;305;18.95;5.16;0.7;0.6;26.67;51.94;153.94;15.3;-1.34;-16.9;-0.77;7.95;0.82;-2.59;25.52;13.56;11.71;0.78;0.86;0.14;0.08;2.51;27.32;35014.11;435.49;59.07;0.08;138698750
BMOB3;12.24;1.83;11.74;1;0.8;23.63;7.12;6.69;11.03;5.68;-5.63;-0.51;0.79;1.69;-2.29;3.71;8.53;6.84;4.13;0.8;0.2;1.02;;;7079724.15;12.22;1.04;0.38;1064925190
BNBR3;92;3.85;3.56;0.81;0.12;45.79;43.39;25.87;2.12;2.12;;;0.92;1.96;-0.13;;22.64;3.34;;0.15;0.85;0.13;8.76;25.53;17587;114.18;25.85;0.09;7946174688
BOAS3;7.95;3.2;15.22;1.83;1.7;56.53;19.25;32.39;25.6;18.69;-6.92;-0.5;4.93;3.34;-3.8;12.37;12.04;11.16;4.65;0.93;0.07;0.34;8.81;74.34;53310276.5;4.34;0.52;5.59;4212250618
BOBR3;0;;0;0;0;38.55;14.92;5.23;0;2.51;1.67;;0;0;0;0.76;-66.43;9.15;68.84;-0.14;1.14;1.75;6.05;-9.3;;-0.45;0.3;0;195402194.6
BOBR4;1.59;;5.32;-3.54;0.49;38.55;14.92;5.23;1.87;2.51;1.67;;0.28;-3.35;-0.92;0.76;-66.43;9.15;68.84;-0.14;1.14;1.75;6.05;-9.3;46142.74;-0.45;0.3;-0.03;195402194.6
BPAC11;30.24;2.46;13.8;2.48;0.3;21.01;23.15;19.46;11.6;11.94;;;2.69;9.55;-3.36;1.04;18;2.16;;0.12;0.88;0.11;46;32.4;278873012.9;12.18;2.19;0.36;1.15982E+11
BPAC3;14.04;1.77;19.22;3.46;0.41;21.01;23.15;19.46;16.16;11.94;;;3.74;13.3;-4.67;1.04;18;2.16;;0.12;0.88;0.11;46;32.4;71878.05;4.06;0.73;0.5;1.15982E+11
BPAC5;8.02;3.1;10.98;1.98;0.24;21.01;23.15;19.46;9.23;11.94;;;2.14;7.6;-2.67;1.04;18;2.16;;0.12;0.88;0.11;46;32.4;53454.08;4.06;0.73;0.29;1.15982E+11
BPAN4;7.2;3.49;15.11;1.26;0.16;51.82;4.78;4.29;13.55;13.77;;;0.65;;-0.16;;8.36;1.08;;0.13;0.87;0.25;8.24;40.68;13710393.49;5.7;0.48;-0.9;9167034737
BPAR3;182.07;1.7;7.28;1.02;0.11;55.65;14.23;8.39;4.3;4.3;;;0.61;1.27;-0.12;;14.01;1.56;;0.11;0.89;0.19;4.66;0.56;;178.47;25;0.3;1733606633
BPAT33;44.05;;6.98;0.66;0.09;51.56;21.77;5.61;1.8;1.8;;;0.39;;-0.12;;9.46;1.35;;0.14;0.86;0.24;14.99;-18.89;;66.71;6.31;-0.11;1533769021
BPHA3;0.62;;0.06;-0.24;0.99;98.02;1029.99;13896.67;0.8;1.66;0.85;;8.28;-0.38;-1.18;0.06;-402.5;1669.02;-36.75;-4.15;5.15;0.12;-68.85;;;-2.58;10.4;0;70110298.74
BRAP3;20.08;13.26;2.87;1.04;1.03;;;;2.96;2.96;-0.1;-0.03;;38.61;-1.07;4.7;36.31;36.05;35.19;0.99;0.01;0;;3.42;1103443;19.3;7.01;-0.05;8370429480
BRAP4;21.95;13.35;3.13;1.14;1.13;;;;3.23;2.96;-0.1;-0.03;;42.2;-1.17;4.7;36.31;36.05;35.19;0.99;0.01;0;;3.42;63335610.67;19.3;7.01;-0.06;8370429480
BRBI11;11.04;7.61;7.63;;0.12;4.9;6.09;3.95;4.95;41.22;36.07;;0.3;;-0.12;;;1.57;1.75;0;1;0.4;;;3368418.97;0;1.45;0.79;1159152572
BRBI3;0;;0;;0;4.9;6.09;3.95;0;41.22;36.07;;0;;0;;;1.57;1.75;0;1;0.4;;;;0;0.48;0;1159152572
BRBI4;0;;0;;0;4.9;6.09;3.95;0;41.22;36.07;;0;;0;;;1.57;1.75;0;1;0.4;;;;0;0.48;0;1159152572
BRFS3;10.52;;-5.16;1.93;0.33;15.12;-0.54;-6.32;-60.98;-117.88;-54.82;1.74;0.33;7.82;-0.58;1.1;-37.45;-6.31;-1.11;0.17;0.82;1;13.7;;242377955.9;5.44;-2.04;-0.04;17699618548
BRGE11;10.81;2.44;9.93;0.6;0.27;-4128.22;1241.02;2221.7;17.78;-16.08;-34.16;-1.16;220.65;0.72;-0.61;3.09;6.08;2.72;1.83;0.45;0.37;0;-31.54;9.39;4354.56;17.89;1.09;0.08;809588108.4
BRGE12;10.85;;9.97;0.61;0.27;-4128.22;1241.02;2221.7;17.85;-16.08;-34.16;-1.16;221.47;0.72;-0.61;3.09;6.08;2.72;1.83;0.45;0.37;0;-31.54;9.39;18545.64;17.89;1.09;0.08;809588108.4
BRGE3;11.02;;10.12;0.62;0.28;-4128.22;1241.02;2221.7;18.13;-16.08;-34.16;-1.16;224.94;0.74;-0.62;3.09;6.08;2.72;1.83;0.45;0.37;0;-31.54;9.39;10054.84;17.89;1.09;0.08;809588108.4
BRGE5;10.96;2;10.07;0.61;0.27;-4128.22;1241.02;2221.7;18.03;-16.08;-34.16;-1.16;223.72;0.73;-0.61;3.09;6.08;2.72;1.83;0.45;0.37;0;-31.54;9.39;2173.5;17.89;1.09;0.08;809588108.4
BRGE6;11;4.79;10.11;0.61;0.28;-4128.22;1241.02;2221.7;18.09;-16.08;-34.16;-1.16;224.53;0.73;-0.62;3.09;6.08;2.72;1.83;0.45;0.37;0;-31.54;9.39;1900.08;17.89;1.09;0.08;809588108.4
BRGE7;10.82;2.84;9.94;0.6;0.27;-4128.22;1241.02;2221.7;17.8;-16.08;-34.16;-1.16;220.86;0.72;-0.61;3.09;6.08;2.72;1.83;0.45;0.37;0;-31.54;9.39;7572.5;17.89;1.09;0.08;809588108.4
BRGE8;10.81;2.03;9.93;0.6;0.27;-4128.22;1241.02;2221.7;17.78;-16.08;-34.16;-1.16;220.65;0.72;-0.61;3.09;6.08;2.72;1.83;0.45;0.37;0;-31.54;9.39;12647.83;17.89;1.09;0.08;809588108.4
BRIN3;39.15;0.83;28.92;1.61;1.04;100;9.07;9.31;29.69;26.58;-3.11;-0.17;2.69;41.74;-1.35;1.12;5.57;3.6;3.59;0.65;0.35;0.39;21.03;;;24.28;1.35;0.08;765840711.6
BRIT3;3;1.08;11.07;0.93;0.44;46.33;22;10.83;5.45;8.7;3.03;0.52;1.2;4.13;-0.57;1.99;8.41;4.02;7.36;0.48;0.52;0.37;;;2324610.33;3.22;0.27;0;1347284748
BRIV3;10.56;1.5;9.28;0.55;0.04;17.73;4.57;2.97;6.02;6;;;0.28;0.21;-0.05;4.27;5.88;0.39;;0.07;0.93;0.13;20.48;15.2;8561.43;19.37;1.14;0.01;935270982.5
BRIV4;10.55;2.94;9.27;0.54;0.04;17.73;4.57;2.97;6.02;6;;;0.28;0.21;-0.05;4.27;5.88;0.39;;0.07;0.93;0.13;20.48;15.2;61214.88;19.37;1.14;0.01;935270982.5
BRKM3;17.46;;-4.09;1.92;0.16;4.41;-2.82;-4.17;-6.06;-15.69;-9.56;3.04;0.17;1.24;-0.26;1.49;-47;-3.86;-6.73;0.08;0.92;0.93;14.4;;782534.41;9.07;-4.26;0.03;13946891916
BRKM5;17.54;;-4.11;1.93;0.16;4.41;-2.82;-4.17;-6.09;-15.69;-9.56;3.04;0.17;1.25;-0.26;1.49;-47;-3.86;-6.73;0.08;0.92;0.93;14.4;;75435683.21;9.07;-4.26;0.03;13946891916
BRKM6;14.73;;-3.45;1.62;0.13;4.41;-2.82;-4.17;-5.11;-15.69;-9.56;3.04;0.14;1.05;-0.22;1.49;-47;-3.86;-6.73;0.08;0.92;0.93;14.4;;5174.92;9.07;-4.26;0.02;13946891916
BRML3;8.26;;10.65;0.6;0.38;88.95;74.08;42.5;6.11;7.71;1.6;0.16;4.53;20.27;-0.41;1.41;5.62;3.61;7.04;0.64;0.35;0.08;2.7;;113095545;13.79;0.78;0.29;6841542282
BRPR3;131.17;;-0.92;0.03;0.02;100;-179.65;-41.77;-0.21;-3.89;-3.68;0.56;0.38;0.09;-0.05;1.46;-3.56;-1.92;-12.17;0.54;0.46;0.05;-7.12;;7513701.3;4005.67;-142.49;0.01;60919545.44
BRQB3;0;;0;0;0;37;17.29;10.97;0;-0.66;-0.66;-0.46;0;0;0;2.33;44.48;22.68;39.27;0.51;0.48;2.07;19.62;112;;1.38;0.61;0;0
BRSR3;11.57;8.14;5.75;0.5;0.04;31.38;6.21;5.73;5.3;5.16;;;0.33;1.42;-0.04;2.81;8.61;0.7;;0.08;0.92;0.12;6.91;-5.56;94200.69;23.36;2.01;-0.45;4597254339
BRSR5;18.99;5.05;9.44;0.81;0.07;31.38;6.21;5.73;8.71;5.16;;;0.54;2.33;-0.07;2.81;8.61;0.7;;0.08;0.92;0.12;6.91;-5.56;2913.9;23.36;2.01;-0.74;4597254339
BRSR6;10.91;8.63;5.42;0.47;0.04;31.38;6.21;5.73;5;5.16;;;0.31;1.34;-0.04;2.81;8.61;0.7;;0.08;0.92;0.12;6.91;-5.56;22534974.15;23.36;2.01;-0.42;4597254339
BSEV3;9;;10.22;-10.84;0.78;26.77;17.92;5.55;3.17;5.46;2.3;;0.57;-1.59;-1.13;0.39;-106.05;7.59;30.9;-0.07;1.07;1.37;10.88;;;-0.83;0.88;-0.06;9183864834
BSLI3;14.48;0.32;54.05;2.3;0.13;34.16;-2.02;1.59;-42.56;-38.17;;;0.86;-0.43;-0.14;0.2;4.26;0.23;;0.06;0.94;0.15;20.22;-17.49;3458.95;6.29;0.27;-0.78;4997436320
BSLI4;11.35;0.44;42.37;1.8;0.1;34.16;-2.02;1.59;-33.36;-38.17;;;0.67;-0.34;-0.11;0.2;4.26;0.23;;0.06;0.94;0.15;20.22;-17.49;4291.96;6.29;0.27;-0.61;4997436320
BTTL4;11091.73;;3316.69;1219.09;663.58;16.06;9.97;4.5;1495.19;2.05;0.05;0.04;149.11;1826.89;-2096.45;2.13;36.76;20.01;47.32;0.54;0.46;4.45;38.18;;;9.1;3.34;-542.06;210277037.2
CALI3;16.4;2.72;3.35;2.01;0.3;25.74;16.38;11.05;2.26;4.1;1.84;1.63;0.37;2.18;-0.43;1.82;59.97;8.89;25.95;0.15;0.85;0.8;65.29;31.66;1740;8.16;4.9;0;61023924.4
CALI4;50;;10.21;6.12;0.91;25.74;16.38;11.05;6.89;4.1;1.84;1.63;1.13;6.66;-1.3;1.82;59.97;8.89;25.95;0.15;0.85;0.8;65.29;31.66;;8.16;4.9;0;61023924.4
CAMB3;9.2;2.16;5.11;1.92;1.04;46.94;22.38;15.54;3.55;4.07;0.55;0.3;0.79;4.12;-2.04;2.05;37.48;20.3;39.01;0.54;0.46;1.31;11.16;11.21;545152.64;4.8;1.8;0.11;388930736
CAMB4;6.25;3.18;3.47;1.3;0.7;46.94;22.38;15.54;2.41;4.07;0.55;0.3;0.54;2.8;-1.39;2.05;37.48;20.3;39.01;0.54;0.46;1.31;11.16;11.21;;4.8;1.8;0.07;388930736
CAML3;6.96;4.12;5.03;0.81;0.26;20.98;8.22;4.71;2.88;6.46;3.49;0.98;0.24;0.96;-0.59;1.99;16.16;5.26;10.72;0.33;0.67;1.12;16.96;14.1;9774033.38;8.57;1.38;0.02;2436000000
CASH3;7.02;;-13.15;0.79;0.52;-31.69;-31.69;-12.5;-5.18;-1.84;3.37;-0.51;1.64;1.04;-2.42;2.71;-6;-3.94;-15.14;0.66;0.34;0.32;70.01;;16993497.74;8.9;-0.53;0.39;607654836.4
CASN3;9.61;0.23;111.23;5.14;2.24;42.77;18.4;5.78;34.92;38.51;5.85;0.86;6.42;-39.69;-2.55;0.68;4.62;2.02;6.49;0.44;0.56;0.35;6.67;;;1.87;0.09;-8.36;9343450887
CASN4;8.37;0.29;96.88;4.47;1.95;42.77;18.4;5.78;30.42;38.51;5.85;0.86;5.6;-34.57;-2.22;0.68;4.62;2.02;6.49;0.44;0.56;0.35;6.67;;;1.87;0.09;-7.28;9343450887
CATA3;103.61;38.09;0.49;0.09;0.04;27.94;9.92;9.25;0.46;1.91;1.46;0.27;0.05;0.12;-0.1;1.85;17.46;7.5;9.69;0.43;0.57;0.81;12.66;;;1214.17;211.94;0.01;14940354.78
CATA4;0;;0;0;0;27.94;9.92;9.25;0;1.91;1.46;0.27;0;0;0;1.85;17.46;7.5;9.69;0.43;0.57;0.81;12.66;;;1214.17;211.94;0;14940354.78
CBAV3;3.68;11.97;-2.47;0.42;0.16;-8.53;-10.28;-7.92;-1.9;-4.22;-2.27;0.51;0.2;0.74;-0.27;2.2;-17.18;-6.54;-14.64;0.38;0.6;0.83;;;16042266.33;8.69;-1.49;0.01;2192666665
CBEE3;15;;-19.58;0.67;0.2;17;10.48;-2.39;4.47;10.76;6.47;0.97;0.47;-0.93;-0.25;0.46;-3.43;-1.04;7.07;0.3;0.7;0.44;7.69;;9387.4;22.35;-0.77;0.04;3603148815
CCRO3;11.81;2.79;18.51;1.95;0.44;43.52;34.62;8.16;4.36;8.64;4.1;1.84;1.51;10.63;-0.58;1.19;10.54;2.36;10.05;0.22;0.77;0.29;12.68;-6.44;101470725.4;6.05;0.64;-0.28;23856200000
CCXC3;1.16;;-0.18;-0.03;2.38;;;;-2.43;-2.39;0.04;;;-0.03;;0.01;-14.81;-1353.02;1.07;-91.35;92.46;0;;;;-44.46;-6.59;0;1973425.64
CEAB3;5.2;;54.63;0.56;0.18;51.38;5.75;0.47;4.47;6.57;2.08;0.26;0.26;1.01;-0.35;1.63;1.02;0.34;7.3;0.33;0.67;0.72;4.19;-21.25;18317697.87;9.34;0.1;-0.62;1602874354
CEBR3;16.02;9.31;6.13;1.15;0.82;43.45;84.65;66.35;4.8;2.43;-2.6;-0.62;4.07;1.9;-1.72;5.72;18.78;13.38;13.13;0.71;0.11;0.2;-34.71;7.64;129436.82;13.92;2.61;-4.43;1211163477
CEBR5;16;9.32;6.12;1.15;0.82;43.45;84.65;66.35;4.8;2.43;-2.6;-0.62;4.06;1.9;-1.72;5.72;18.78;13.38;13.13;0.71;0.11;0.2;-34.71;7.64;65629.37;13.92;2.61;-4.43;1211163477
CEBR6;17.58;9.33;6.73;1.26;0.9;43.45;84.65;66.35;5.27;2.43;-2.6;-0.62;4.46;2.09;-1.88;5.72;18.78;13.38;13.13;0.71;0.11;0.2;-34.71;7.64;207437.87;13.92;2.61;-4.87;1211163477
CEDO3;16;;3.33;1.06;0.19;24.21;12.11;3.94;1.08;2.63;1.57;1.54;0.13;5.53;-0.42;1.07;31.83;5.72;33.61;0.18;0.82;1.45;14.09;-10.31;8710.44;15.08;4.8;-0.01;155792961.9
CEDO4;15.02;;3.13;1;0.18;24.21;12.11;3.94;1.02;2.63;1.57;1.54;0.12;5.19;-0.39;1.07;31.83;5.72;33.61;0.18;0.82;1.45;14.09;-10.31;48886.69;15.08;4.8;-0.01;155792961.9
CEEB3;37;4.4;6.82;1.64;0.35;28.66;22.4;9.86;3;7.66;4.04;2.2;0.67;-5.87;-0.45;0.79;24;5.12;14.62;0.21;0.79;0.52;11.42;51.69;144442.39;22.61;5.43;-0.27;12304687178
CEEB5;42.06;3.87;7.75;1.86;0.4;28.66;22.4;9.86;3.41;7.66;4.04;2.2;0.76;-6.67;-0.51;0.79;24;5.12;14.62;0.21;0.79;0.52;11.42;51.69;7052.75;22.61;5.43;-0.31;12304687178
CEEB6;60.68;2.95;11.18;2.68;0.57;28.66;22.4;9.86;4.92;7.66;4.04;2.2;1.1;-9.62;-0.74;0.79;24;5.12;14.62;0.21;0.79;0.52;11.42;51.69;;22.61;5.43;-0.45;12304687178
CEED3;36.97;;-8.41;-0.88;0.34;16.98;8.23;-6.09;6.23;12.41;6.19;;0.51;5.7;-0.54;1.18;-10.45;-4;36.98;-0.38;1.38;0.66;7.74;;6397;-42.07;-4.4;-0.08;2522243225
CEED4;30.01;;-6.83;-0.71;0.27;16.98;8.23;-6.09;5.05;12.41;6.19;;0.42;4.63;-0.44;1.18;-10.45;-4;36.98;-0.38;1.38;0.66;7.74;;3001;-42.07;-4.4;-0.06;2522243225
CEGR3;88.32;1.16;68.03;19.15;5.2;24.88;15.02;5.49;24.88;25.65;0.77;0.59;3.74;-105.16;-7.15;0.85;28.14;7.64;32.12;0.27;0.73;1.39;9.87;-0.1;;4.61;1.3;-2.46;22931204490
CEPE3;125.26;0.43;194.71;6.27;0.7;18.71;11.07;0.58;10.25;17.07;7.99;4.89;1.13;-39.1;-0.93;0.93;3.22;0.36;9.82;0.11;0.89;0.62;8.38;-3.17;;19.97;0.64;-2.5;8662392210
CEPE5;40.12;1.35;62.36;2.01;0.22;18.71;11.07;0.58;3.28;17.07;7.99;4.89;0.36;-12.52;-0.3;0.93;3.22;0.36;9.82;0.11;0.89;0.62;8.38;-3.17;;19.97;0.64;-0.8;8662392210
CEPE6;43;1.39;66.84;2.15;0.24;18.71;11.07;0.58;3.52;17.07;7.99;4.89;0.39;-13.42;-0.32;0.93;3.22;0.36;9.82;0.11;0.89;0.62;8.38;-3.17;;19.97;0.64;-0.86;8662392210
CESP3;25.55;;2.92;0.93;0.5;35.77;59.96;155.88;7.58;4.96;-2.56;-0.31;4.54;3.75;-0.73;1.7;31.8;17.05;9.01;0.54;0.46;0.11;8.84;;;27.56;8.77;0;8302192834
CESP5;25;;2.85;0.91;0.49;35.77;59.96;155.88;7.42;4.96;-2.56;-0.31;4.45;3.67;-0.72;1.7;31.8;17.05;9.01;0.54;0.46;0.11;8.84;;;27.56;8.77;0;8302192834
CESP6;25.25;;2.88;0.92;0.49;35.77;59.96;155.88;7.49;4.96;-2.56;-0.31;4.49;3.7;-0.72;1.7;31.8;17.05;9.01;0.54;0.46;0.11;8.84;;;27.56;8.77;0;8302192834
CGAS3;120;9.74;35.56;161.27;1.15;20.96;16.69;2.6;5.54;7.48;1.94;56.56;0.92;81.02;-1.89;1.04;453.46;3.25;19.15;0.01;0.99;1.25;25.75;-6.92;15779.2;0.74;3.37;-0.46;15902470440
CGAS5;127.55;10.08;37.8;171.41;1.23;20.96;16.69;2.6;5.89;7.48;1.94;56.56;0.98;86.12;-2.01;1.04;453.46;3.25;19.15;0.01;0.99;1.25;25.75;-6.92;81335.13;0.74;3.37;-0.49;15902470440
CGRA3;25.2;8.19;5.25;0.6;0.42;54.66;9.07;14.53;8.4;6.64;-1.78;-0.13;0.76;1.68;-0.75;2.32;11.41;8.02;5.83;0.7;0.3;0.55;9.76;9.46;212950.62;42.1;4.8;-0.12;515353025.2
CGRA4;25.99;7.94;5.41;0.62;0.43;54.66;9.07;14.53;8.67;6.64;-1.78;-0.13;0.79;1.73;-0.78;2.32;11.41;8.02;5.83;0.7;0.3;0.55;9.76;9.46;222641.49;42.1;4.8;-0.13;515353025.2
CIEL3;3.45;8.4;4.94;0.8;0.1;45.68;32.19;17.91;2.75;4.69;1.89;0.55;0.88;0.7;-0.82;1.19;16.24;1.98;11.82;0.12;0.85;0.11;-1.62;-14.08;121951036.7;4.31;0.7;0.09;9373011960
CLSA3;3.7;;-60.18;0.96;0.78;38.95;-9.04;-2.17;-14.44;-7.39;8.3;-0.55;1.31;1.5;-2.44;4.15;-1.59;-1.29;-7.67;0.81;0.19;0.59;;;1664125.64;3.87;-0.06;0.66;695326422
CLSC3;58.62;5.05;3.69;0.71;0.19;15.14;9.03;5.98;2.44;4.13;1.56;0.45;0.22;-10.1;-0.29;0.95;19.14;5.19;13.03;0.27;0.73;0.87;7.34;55.91;14447.5;82.99;15.88;0.08;2382280492
CLSC4;63.88;5.1;4.02;0.77;0.21;15.14;9.03;5.98;2.66;4.13;1.56;0.45;0.24;-11;-0.31;0.95;19.14;5.19;13.03;0.27;0.73;0.87;7.34;55.91;372041.15;82.99;15.88;0.09;2382280492
CMIG3;14.94;7.4;4.96;1.39;0.6;23.76;20.7;18.48;4.43;5.01;1.09;0.34;0.92;9.64;-0.8;1.34;28.07;12.15;17.8;0.43;0.57;0.66;9.68;45.94;10399618.92;10.72;3.01;0.4;28477253656
CMIG4;11.93;9.26;3.96;1.11;0.48;23.76;20.7;18.48;3.54;5.01;1.09;0.34;0.73;7.7;-0.64;1.34;28.07;12.15;17.8;0.43;0.57;0.66;9.68;45.94;104118872.1;10.72;3.01;0.32;28477253656
CMIN3;4.95;18.39;11.34;2.59;1.03;44.23;27.92;15.73;6.38;6.29;-0.07;-0.03;1.78;4.08;-1.72;2.73;22.89;9.1;20.28;0.4;0.6;0.58;19.26;22.26;40681154.51;1.91;0.44;-0.51;27152427248
CMSA3;0;;0;0;0;;;;0;0.34;0.34;-0.98;;0;0;76.15;-293.36;-289.63;-288.84;0.99;0.01;0;;;;0;0;0;0
CMSA4;0;;0;0;0;;;;0;0.34;0.34;-0.98;;0;0;76.15;-293.36;-289.63;-288.84;0.99;0.01;0;;;;0;0;0;0
CNSY3;30.22;;-86.19;-23.75;5.37;18.72;7.08;-7.71;93.87;109.95;16.08;;6.65;-28.61;-6.18;0.41;-27.56;-6.23;4.37;-0.23;1.23;0.81;2.97;;;-1.27;-0.35;0.14;935885083.9
COCE3;50.01;0.62;7.1;0.92;0.3;17.53;14.52;6.27;3.06;6.12;4.31;1.29;0.44;-2.26;-0.39;0.64;12.93;4.18;10.92;0.32;0.68;0.67;13.27;4.72;10002;54.49;7.05;1.36;2974901259
COCE5;39;0.79;5.53;0.72;0.23;17.53;14.52;6.27;2.39;6.12;4.31;1.29;0.35;-1.76;-0.3;0.64;12.93;4.18;10.92;0.32;0.68;0.67;13.27;4.72;1084372;54.49;7.05;1.06;2974901259
COCE6;19.17;1.61;2.72;0.35;0.11;17.53;14.52;6.27;1.17;6.12;4.31;1.29;0.17;-0.87;-0.15;0.64;12.93;4.18;10.92;0.32;0.68;0.67;13.27;4.72;;54.49;7.05;0.52;2974901259
COGN3;2.45;;-11.28;0.38;0.18;63.56;8.47;-7.45;9.91;23.56;13.29;0.51;0.84;3.39;-0.22;1.41;-3.35;-1.59;2.14;0.48;0.48;0.21;-1.73;;50059708.64;6.49;-0.22;4.11;4597685215
CORR3;2.71;2762.62;0.01;0.01;0;100;2501.4;2192.46;0.01;-1.31;-1.45;-2.13;0.18;0.01;-0.02;3.31;128.78;41.35;102.17;0.32;0.68;0.02;-16.36;;;263.25;339.01;0;1278894.65
CORR4;82;91.3;0.24;0.31;0.1;100;2501.4;2192.46;0.21;-1.31;-1.45;-2.13;5.3;0.18;-0.47;3.31;128.78;41.35;102.17;0.32;0.68;0.02;-16.36;;;263.25;339.01;0;1278894.65
CPFE3;33.47;8.62;6.98;2.16;0.53;32.26;27.95;13.83;3.45;5.22;1.74;1.09;0.96;-24.24;-0.69;0.91;31;7.63;20.03;0.25;0.74;0.55;8.03;36.19;58047804.69;15.48;4.8;0.73;38565956107
CPLE11;41.71;8.26;12.9;1.14;0.46;21.63;15.12;8.78;7.49;11.18;3.57;0.55;1.13;7.03;-0.58;1.47;8.86;3.57;7.82;0.4;0.59;0.41;9.35;13.29;14436233.21;36.48;3.23;-0.3;24882605950
CPLE3;7.96;8.01;12.31;1.09;0.44;21.63;15.12;8.78;7.15;11.18;3.57;0.55;1.08;6.71;-0.55;1.47;8.86;3.57;7.82;0.4;0.59;0.41;9.35;13.29;48395266.18;7.3;0.65;-0.29;24882605950
CPLE5;23.52;3.33;36.38;3.22;1.3;21.63;15.12;8.78;21.11;11.18;3.57;0.55;3.19;19.83;-1.64;1.47;8.86;3.57;7.82;0.4;0.59;0.41;9.35;13.29;8416.27;7.3;0.65;-0.86;24882605950
CPLE6;8.52;8.24;13.18;1.17;0.47;21.63;15.12;8.78;7.65;11.18;3.57;0.55;1.16;7.18;-0.59;1.47;8.86;3.57;7.82;0.4;0.59;0.41;9.35;13.29;155074628.3;7.3;0.65;-0.31;24882605950
CPRE3;18.23;;7.76;1.92;0.94;55.73;43.79;47;8.33;8.41;0.09;0.02;3.65;-3.92;-1.08;0.36;24.81;12.11;15.85;0.49;0.5;0.26;12.91;161.17;;9.47;2.35;3.21;10824655048
CREM3;14.5;;32.7;2.45;0.67;30.3;7.39;2.1;9.28;13.11;3.84;1.01;0.69;4.89;-1.69;1.29;7.5;2.05;9.29;0.27;0.73;0.98;1.09;;;5.91;0.44;22.14;465122474
CRFB3;8.86;2.49;14.87;0.93;0.21;19.08;4.56;1.16;3.77;7.63;3.71;0.91;0.17;-4.62;-0.38;0.9;6.23;1.43;9.76;0.23;0.75;1.24;15.4;-4.71;85473197.92;9.57;0.6;-0.29;18674794631
CRIV3;5.7;;31.55;0.56;0.04;24.35;0.58;0.95;52.2;51.81;;;0.3;0.09;-0.08;68.86;1.77;0.13;;0.07;0.92;0.14;18.33;-22.13;9173.62;10.23;0.18;-0.03;583678129.1
CRIV4;5.63;4.21;31.16;0.55;0.04;24.35;0.58;0.95;51.56;51.81;;;0.3;0.09;-0.08;68.86;1.77;0.13;;0.07;0.92;0.14;18.33;-22.13;44517.39;10.23;0.18;-0.03;583678129.1
CRPG3;44.5;21.63;12.34;1.84;1.36;13.13;9.77;15.22;19.23;16.25;-1.44;-0.14;1.88;2.68;-3.92;4.52;14.88;11.04;9.18;0.74;0.26;0.73;7.16;5.78;15611;24.23;3.6;-0.44;1196843893
CRPG5;41.98;22.93;11.65;1.73;1.29;13.13;9.77;15.22;18.14;16.25;-1.44;-0.14;1.77;2.53;-3.7;4.52;14.88;11.04;9.18;0.74;0.26;0.73;7.16;5.78;190007.92;24.23;3.6;-0.41;1196843893
CRPG6;39.49;24.37;10.96;1.63;1.21;13.13;9.77;15.22;17.06;16.25;-1.44;-0.14;1.67;2.38;-3.48;4.52;14.88;11.04;9.18;0.74;0.26;0.73;7.16;5.78;316106.89;24.23;3.6;-0.39;1196843893
CSAB3;33.5;1.8;15.85;1.26;0.64;-64.9;2145.03;3749.88;27.7;33.7;;;594.18;4.07;-0.79;4.5;7.93;4.01;;0.51;0.49;0;-33.4;-4.28;12127.5;26.65;2.11;0.5;312960000
CSAB4;48;1.38;22.7;1.8;0.91;-64.9;2145.03;3749.88;39.69;33.7;;;851.36;5.84;-1.14;4.5;7.93;4.01;;0.51;0.49;0;-33.4;-4.28;11251.5;26.65;2.11;0.71;312960000
CSAN3;16;2.68;-25.95;1.67;0.22;24.7;24.32;-2.76;2.94;7.37;4.37;2.48;0.72;2.71;-0.28;1.65;-6.45;-0.86;9.34;0.13;0.66;0.31;38.95;;105280676;9.57;-0.62;0.21;29985134912
CSED3;3.55;1.94;26.79;0.93;0.28;46.43;16.7;2.26;3.63;4.52;0.66;0.17;0.61;4.27;-0.36;1.41;3.46;1.04;14.78;0.3;0.7;0.46;15.05;-10.96;898400.69;3.83;0.13;-1.84;1303023070
CSMG3;15.89;10.5;4.68;0.77;0.43;40.21;23.61;18.47;3.66;5.78;2.03;0.42;0.86;6.04;-0.53;1.58;16.38;9.22;10.82;0.56;0.44;0.5;7.38;18.19;37978511.64;20.75;3.4;0.05;6042221266
CSNA3;11.37;25.72;-25.45;0.82;0.18;25.51;9.1;-1.34;3.74;10.77;7.06;1.54;0.34;1.55;-0.27;1.53;-3.21;-0.71;6.05;0.22;0.75;0.53;19.08;;83530488.36;13.94;-0.45;0.22;15077688177
CSRN3;27.09;5.86;7.81;3.18;0.79;31.55;26.27;16.02;4.76;7.06;2.59;1.73;1.25;-137.97;-1.06;0.98;40.77;10.1;18.81;0.25;0.75;0.63;10.3;25.36;43312.3;8.51;3.47;1.99;4588003725
CSRN5;25.12;6.95;7.24;2.95;0.73;31.55;26.27;16.02;4.42;7.06;2.59;1.73;1.16;-127.94;-0.98;0.98;40.77;10.1;18.81;0.25;0.75;0.63;10.3;25.36;2512;8.51;3.47;1.85;4588003725
CSRN6;28;6.24;8.07;3.29;0.82;31.55;26.27;16.02;4.92;7.06;2.59;1.73;1.29;-142.61;-1.09;0.98;40.77;10.1;18.81;0.25;0.75;0.63;10.3;25.36;3719;8.51;3.47;2.06;4588003725
CSUD3;15.5;6.35;7.99;1.64;1.08;38.91;20.38;15.1;5.92;5.99;0.15;0.04;1.21;26.47;-1.47;1.18;20.49;13.57;16.94;0.66;0.34;0.9;1.99;12.41;1014067.33;9.47;1.94;0.35;647900000
CTCA3;0;;0;0;0;56.89;22.81;25.82;0;-4.08;-4.08;-0.39;0;0;0;4.66;10.89;9.55;4.34;0.88;0.12;0.37;20.53;45.69;;2.69;0.29;0;0
CTKA3;18;;3.92;-0.84;0.18;38.57;8.73;4.46;2;10.45;8.61;;0.17;0.63;-0.56;1.75;-21.3;4.68;13.22;-0.22;1.22;1.05;14.61;;4319.5;-21.54;4.59;0.01;108403048.7
CTKA4;17.01;;3.71;-0.79;0.17;38.57;8.73;4.46;1.89;10.45;8.61;;0.17;0.6;-0.53;1.75;-21.3;4.68;13.22;-0.22;1.22;1.05;14.61;;16795.85;-21.54;4.59;0.01;108403048.7
CTNM3;8.8;;-0.88;0.53;0.07;22.43;-5.68;-17.19;-2.67;-12.15;-10.64;2.13;0.15;-11.38;-0.11;0.98;-60.74;-8.14;-4.4;0.13;0.75;0.47;-3.61;;7733.29;16.45;-9.99;0;152535222.6
CTNM4;1.8;;-0.18;0.11;0.01;22.43;-5.68;-17.19;-0.55;-12.15;-10.64;2.13;0.03;-2.33;-0.02;0.98;-60.74;-8.14;-4.4;0.13;0.75;0.47;-3.61;;51314.33;16.45;-9.99;0;152535222.6
CTSA3;2.34;;-1.8;0.21;0.1;-12.29;-10.81;-21.65;-3.61;-10.99;-7.33;0.42;0.39;-1.34;-0.15;0.78;-11.6;-5.77;-5.53;0.5;0.5;0.27;-0.42;;12518.18;11.19;-1.3;0;65109987.54
CTSA4;1.64;;-1.26;0.15;0.07;-12.29;-10.81;-21.65;-2.53;-10.99;-7.33;0.42;0.27;-0.94;-0.1;0.78;-11.6;-5.77;-5.53;0.5;0.5;0.27;-0.42;;88854.64;11.19;-1.3;0;65109987.54
CTSA8;0;;0;0;0;-12.29;-10.81;-21.65;0;-10.99;-7.33;0.42;0;0;0;0.78;-11.6;-5.77;-5.53;0.5;0.5;0.27;-0.42;;;11.19;-1.3;0;65109987.54
CURY3;15.21;5.18;11.24;4.6;1.57;37.7;19.83;15.61;8.85;8.39;-0.67;-0.35;1.75;3.18;-6.85;2.77;40.92;13.92;27.31;0.34;0.61;0.89;22.62;28.47;28864244.51;3.31;1.35;0.48;4439420088
CVCB3;2.85;;-2.71;2.39;0.31;100;-5.21;-38.14;-19.84;-20.88;-0.27;0.03;1.03;-3.26;-0.66;0.85;-88.07;-11.32;-5.5;0.13;0.87;0.3;0.61;;51237216.31;1.19;-1.05;0.57;1265154829
CXSE3;10.95;12.45;9.72;2.77;2.74;;;;8.68;8.46;-0.22;-0.07;;38.49;-2.98;7.44;28.48;28.16;27.16;0.99;0.01;0;;21.07;44067989.54;3.95;1.13;0.2;32850000000
CYRE3;18.2;2.81;7.75;0.97;0.43;32.16;18.04;16.06;6.9;9.07;1.86;0.26;1.24;1.32;-0.91;2.65;12.49;5.58;7.01;0.45;0.51;0.35;15.15;;114461300.7;18.81;2.35;0.35;7275318942
DASA3;9.85;0.98;-9.86;0.91;0.27;29.17;7.37;-5.42;7.25;15.52;8.11;1.02;0.53;17.36;-0.39;1.05;-9.24;-2.75;4.43;0.3;0.7;0.51;31.03;;10419941.36;10.81;-1;-0.03;7415078463
DESK3;14.4;0.14;20.68;1.35;0.58;61.69;33.85;9.4;5.74;8.21;2.35;0.55;1.94;-53.13;-0.66;0.92;6.54;2.78;13.19;0.43;0.56;0.3;;;3208518.74;10.66;0.7;0.14;1659820968
DEXP3;9.42;2.85;5.98;1.36;0.64;19.83;14.51;8.06;3.32;3.22;-0.21;-0.09;0.48;1.48;-1.78;3.06;22.78;10.68;19.71;0.47;0.44;1.33;34.1;12.8;736415.79;6.92;1.58;-0.42;883183341.6
DEXP4;9;3.04;5.71;1.3;0.61;19.83;14.51;8.06;3.17;3.22;-0.21;-0.09;0.46;1.41;-1.7;3.06;22.78;10.68;19.71;0.47;0.44;1.33;34.1;12.8;15465.83;6.92;1.58;-0.4;883183341.6
DIRR3;17.8;3.93;10.18;2.12;0.45;34.89;19.88;13.36;6.84;7.6;0.79;0.25;1.36;1.3;-0.87;3.61;20.83;4.46;13.08;0.21;0.76;0.33;23.53;;45147085.82;8.39;1.75;0.09;3088300000
DMMO11;0.34;;-49.97;-0.36;0.53;54.54;8.16;-1.1;6.75;32.11;-2.85;;0.55;1.78;-1.29;2.04;-0.73;-1.07;-5.39;-1.47;2.47;0.97;-1.34;;16904.2;-0.93;-0.01;0.49;949254731
DMMO3;1.76;;-258.65;-1.88;2.76;54.54;8.16;-1.1;34.96;32.11;-2.85;;2.85;9.24;-6.66;2.04;-0.73;-1.07;-5.39;-1.47;2.47;0.97;-1.34;;4084154.8;-0.93;-0.01;2.52;949254731
DMVF3;4.42;;17.73;0.26;0.15;31.66;2.45;0.78;5.63;5.14;-0.61;-0.03;0.14;3.3;-0.21;1.19;1.47;0.85;4.11;0.58;0.42;1.09;319.38;;166696.82;16.91;0.25;-0.95;223664561.6
DOHL3;7;;-56.38;0.76;0.55;18.51;-1.63;-1.43;-49.48;-49.05;-2.24;0.03;0.81;1.19;-1.19;7.03;-1.34;-0.97;-2.01;0.73;0.27;0.68;6.68;;1852.75;9.24;-0.12;0.47;502621614.5
DOHL4;5.73;;-46.15;0.62;0.45;18.51;-1.63;-1.43;-40.5;-49.05;-2.24;0.03;0.66;0.97;-0.98;7.03;-1.34;-0.97;-2.01;0.73;0.27;0.68;6.68;;9236.47;9.24;-0.12;0.39;502621614.5
DOTZ3;1;;-1.56;-0.65;0.42;86.79;-65.95;-59.4;-1.41;-1.36;0.04;;0.93;-0.86;-0.83;0.51;-41.49;-26.6;96;-0.64;1.64;0.45;3.79;;129850.36;-1.54;-0.64;0.17;132068352
DTCY3;5.06;;29.38;-153.05;6.21;11.12;11.01;20.06;53.54;78.17;-0.02;;5.89;-311.18;-9.75;0.95;-520.92;21.13;147.96;-0.04;1.04;1.05;-9.85;-9.57;753;-0.03;0.17;-0.21;82254211.56
DTCY4;62.6;;363.49;-1893.5;76.81;11.12;11.01;20.06;662.37;78.17;-0.02;;72.91;-3849.77;-120.68;0.95;-520.92;21.13;147.96;-0.04;1.04;1.05;-9.85;-9.57;;-0.03;0.17;-2.6;82254211.56
DXCO3;6.57;5.16;8.06;0.89;0.33;34.51;18.45;8.56;3.74;6.8;3;0.72;0.69;3.76;-0.48;1.4;11.08;4.14;11.43;0.37;0.62;0.48;16.29;29.31;35225841.41;7.35;0.81;-0.18;5391120236
EALT3;7.5;2.86;5.39;0.76;0.32;22.14;10.71;6.67;3.35;5.48;2.01;0.45;0.36;-200.65;-0.5;1;14.12;5.94;14.09;0.42;0.58;0.89;23.92;0.44;4809.53;9.86;1.39;-0.15;174997500
EALT4;7.99;2.96;5.74;0.81;0.34;22.14;10.71;6.67;3.57;5.48;2.01;0.45;0.38;-213.76;-0.53;1;14.12;5.94;14.09;0.42;0.58;0.89;23.92;0.44;64056.97;9.86;1.39;-0.16;174997500
ECOR3;7;0.11;10.38;1.92;0.23;35.96;30.84;6.52;2.2;7.81;5.49;4.81;0.68;-2.41;-0.26;0.59;18.52;2.19;9.96;0.12;0.87;0.34;14.6;3.66;31694663.05;3.64;0.67;0.05;4874339568
ECPR3;90.25;;-9.87;1.21;0.62;;;;-17.12;-17.09;0.08;-0.01;;174.62;-0.62;2.97;-12.28;-6.29;-7.36;0.51;0.49;0;;;;74.46;-9.14;0.14;171908947.3
ECPR4;90.74;;-9.92;1.22;0.62;;;;-17.21;-17.09;0.08;-0.01;;175.57;-0.63;2.97;-12.28;-6.29;-7.36;0.51;0.49;0;;;;74.46;-9.14;0.14;171908947.3
EEEL3;294.77;;3.39;2;0.55;60.27;78.77;60.68;2.61;3.78;1.16;0.9;2.05;4.35;-0.73;2.11;59.23;16.38;25.32;0.28;0.72;0.27;6.73;16.15;;147.03;87.08;0;2840511500
EEEL4;410;;4.71;2.79;0.77;60.27;78.77;60.68;3.63;3.78;1.16;0.9;2.86;6.05;-1.02;2.11;59.23;16.38;25.32;0.28;0.72;0.27;6.73;16.15;;147.03;87.08;0.01;2840511500
EGIE3;39.96;8.88;10.07;3.91;0.81;50.32;52.92;28.48;5.42;7.68;2.21;1.59;2.87;19.18;-1;1.28;38.82;8.04;18.88;0.21;0.77;0.28;11.18;10.08;51546716.59;10.22;3.97;0.12;32604472490
EKTR3;33.5;10.01;7.45;2.38;0.59;26.01;20.57;10.08;3.65;6.43;2.61;1.7;0.75;14.42;-0.85;1.15;31.95;7.88;16.7;0.25;0.75;0.78;7.62;18.39;5025.5;14.07;4.5;-0.36;7075716779
EKTR4;39.24;9.4;8.73;2.79;0.69;26.01;20.57;10.08;4.28;6.43;2.61;1.7;0.88;16.9;-1;1.15;31.95;7.88;16.7;0.25;0.75;0.78;7.62;18.39;12929.44;14.07;4.5;-0.43;7075716779
ELEK3;19.11;;24.46;2.66;1.07;11.39;2.82;2.53;21.94;38.76;5.75;0.7;0.62;3.75;-2.6;1.94;10.87;4.36;4.38;0.4;0.6;1.72;1.48;;;7.19;0.78;-0.35;905051916.3
ELEK4;36.99;;47.34;5.15;2.07;11.39;2.82;2.53;42.48;38.76;5.75;0.7;1.2;7.26;-5.02;1.94;10.87;4.36;4.38;0.4;0.6;1.72;1.48;;;7.19;0.78;-0.68;905051916.3
ELET3;34.35;0.64;46.53;0.71;0.3;49.56;33.47;4.94;6.86;10.33;3.22;0.33;2.3;5.7;-0.36;1.47;1.53;0.65;6.84;0.42;0.58;0.13;2.97;;254400061.9;48.29;0.74;-0.67;80360829149
ELET5;85;2.41;115.13;1.76;0.74;49.56;33.47;4.94;16.98;10.33;3.22;0.33;5.69;14.1;-0.89;1.47;1.53;0.65;6.84;0.42;0.58;0.13;2.97;;12750;48.29;0.74;-1.65;80360829149
ELET6;38.32;3.9;51.9;0.79;0.34;49.56;33.47;4.94;7.66;10.33;3.22;0.33;2.56;6.36;-0.4;1.47;1.53;0.65;6.84;0.42;0.58;0.13;2.97;;65830689.72;48.29;0.74;-0.74;80360829149
ELMD3;15.21;;34.38;2.68;0.95;43.5;19.03;7.08;12.79;16.46;3.26;0.68;2.43;-11.62;-1.23;0.74;7.81;2.77;7.49;0.35;0.57;0.39;37.68;;1852930;5.67;0.44;-0.05;2129152883
ELPL3;8.31;;1.04;0.68;0.06;24.93;19.27;8.07;0.43;2.02;1.6;2.51;0.08;-0.95;-0.08;0.81;65.85;5.41;33.14;0.08;0.92;0.67;7.49;;;12.16;8;0.07;1640949623
EMAE3;25.35;7.12;13.51;0.84;0.46;10.3;-3.01;12.3;-55.22;-73.94;27.64;-0.42;1.66;1.18;-0.85;7.22;6.2;3.43;-2.42;0.55;0.45;0.28;20.52;-10.26;;30.26;1.88;-0.33;1714178901
EMAE4;60.31;3.29;32.14;1.99;1.1;10.3;-3.01;12.3;-131.38;-73.94;27.64;-0.42;3.95;2.8;-2.02;7.22;6.2;3.43;-2.42;0.55;0.45;0.28;20.52;-10.26;206604.89;30.26;1.88;-0.78;1714178901
EMBR3;17.37;;-25.44;1.06;0.25;18.17;3.46;-1.99;14.61;22.54;7.45;0.54;0.51;1.25;-0.59;1.52;-4.18;-0.98;1.79;0.23;0.74;0.49;4.54;;106729093.2;16.34;-0.68;0.46;12861877814
ENAT3;18.32;0.82;13.51;1.2;0.63;46.73;32.39;21.34;8.9;9.15;0.22;0.03;2.88;12.31;-0.85;1.24;8.85;4.65;7.13;0.53;0.47;0.22;34.1;0.18;28697102.59;15.32;1.36;-0.21;4869582500
ENBR3;24.08;5.9;14.2;1.25;0.38;30.13;19.68;5.63;4.07;7.01;2.95;0.91;0.8;-14.67;-0.5;0.91;8.82;2.65;10.44;0.3;0.67;0.47;6.98;10;27666157.79;19.22;1.7;-0.26;13994459653
ENEV3;10.99;;26.53;1.34;0.41;34.71;23.97;7.29;8.07;15.99;7.68;1.28;1.93;27.11;-0.46;1.14;5.06;1.53;5.69;0.3;0.64;0.21;17.63;47.04;82470742.38;8.18;0.41;-0.6;17414450434
ENGI11;46.85;3.2;11.96;1.61;0.29;27.29;21.49;5.95;3.31;7.28;3.91;1.9;0.71;5.82;-0.4;1.23;13.5;2.45;11.24;0.18;0.77;0.41;14.21;23.39;136871113.1;29.03;3.92;-0.3;19106240880
ENGI3;16.64;1.8;21.24;2.87;0.52;27.29;21.49;5.95;5.89;7.28;3.91;1.9;1.26;10.34;-0.71;1.23;13.5;2.45;11.24;0.18;0.77;0.41;14.21;23.39;86871.82;5.81;0.78;-0.54;19106240880
ENGI4;7.6;3.95;9.7;1.31;0.24;27.29;21.49;5.95;2.69;7.28;3.91;1.9;0.58;4.72;-0.33;1.23;13.5;2.45;11.24;0.18;0.77;0.41;14.21;23.39;102114.44;5.81;0.78;-0.24;19106240880
ENJU3;1.45;;-9.42;0.78;0.7;42.32;-39.92;-21.24;-5.01;-0.09;5.02;-0.78;2;0.98;-3.66;8.29;-8.32;-7.38;-15.63;0.89;0.11;0.35;32.86;;541208.54;1.85;-0.15;0.13;293814352.6
ENMA3B;50.49;5.53;10.16;2.19;0.95;30.09;20.68;15.62;7.68;;1.5;0.43;1.59;13.55;-1.36;1.31;21.56;9.35;15.07;0.43;0.57;0.6;7.52;10.75;;23.05;4.97;0.73;
ENMA6B;83.99;3.32;16.9;3.64;1.58;30.09;20.68;15.62;12.77;;1.5;0.43;2.64;22.54;-2.26;1.31;21.56;9.35;15.07;0.43;0.57;0.6;7.52;10.75;;23.05;4.97;1.21;
ENMT3;61.99;5.01;13.93;4.17;1.07;30.32;24.4;13.95;7.96;10.83;2.62;1.37;1.94;31.95;-1.48;1.14;29.93;7.71;17.79;0.26;0.74;0.55;13.11;189.75;82007.31;14.87;4.45;-0.76;13998144929
ENMT4;64.96;4.78;14.59;4.37;1.13;30.32;24.4;13.95;8.34;10.83;2.62;1.37;2.04;33.48;-1.55;1.14;29.93;7.71;17.79;0.26;0.74;0.55;13.11;189.75;24958.86;14.87;4.45;-0.79;13998144929
EPAR3;14.15;;4.23;1.56;0.85;16.06;9.97;4.5;1.91;2.05;0.05;0.04;0.19;2.33;-2.67;2.13;36.76;20.01;47.32;0.54;0.46;4.45;38.18;;55403.28;9.1;3.34;-0.69;210277037.2
EQPA3;6.33;7.95;7.77;3.67;1.06;32.48;24.63;19.48;6.14;7.8;1.65;0.98;1.51;9.02;-1.59;1.55;47.23;13.68;23.46;0.29;0.71;0.7;10.57;24.03;17865.95;1.73;0.82;0.26;13986867612
EQPA5;7.1;7.09;8.71;4.11;1.19;32.48;24.63;19.48;6.89;7.8;1.65;0.98;1.7;10.12;-1.78;1.55;47.23;13.68;23.46;0.29;0.71;0.7;10.57;24.03;7137.33;1.73;0.82;0.3;13986867612
EQPA6;10.05;5.01;12.33;5.82;1.69;32.48;24.63;19.48;9.75;7.8;1.65;0.98;2.4;14.33;-2.53;1.55;47.23;13.68;23.46;0.29;0.71;0.7;10.57;24.03;1005;1.73;0.82;0.42;13986867612
EQPA7;7;7.19;8.59;4.06;1.17;32.48;24.63;19.48;6.79;7.8;1.65;0.98;1.67;9.98;-1.76;1.55;47.23;13.68;23.46;0.29;0.71;0.7;10.57;24.03;243600;1.73;0.82;0.29;13986867612
EQTL3;31.92;1.1;22.22;1.97;0.38;29.31;19.04;4.82;5.62;10.92;5.16;1.81;1.07;5.65;-0.51;1.38;8.85;1.72;9.29;0.19;0.77;0.36;24.5;10.54;230673102.3;16.23;1.44;-0.45;36559482305
ESPA3;1.12;;-10.71;0.46;0.18;36.94;12.59;-3.9;3.32;9.22;5.84;0.81;0.42;1.66;-0.3;1.35;-4.3;-1.66;5.25;0.38;0.61;0.42;36.16;;2698112.56;2.43;-0.1;0.03;404793833.9
ESTR3;12.59;;-1.57;-0.19;0.4;47.01;5.69;-37.27;10.28;14.03;7.61;;0.59;-0.18;-0.79;0.18;-12.01;-25.3;-2.14;-2.11;3.11;0.68;4.32;;1675.67;-66.76;-8.02;-0.01;66257755
ESTR4;6;;-0.75;-0.09;0.19;47.01;5.69;-37.27;4.9;14.03;7.61;;0.28;-0.09;-0.38;0.18;-12.01;-25.3;-2.14;-2.11;3.11;0.68;4.32;;1882.2;-66.76;-8.02;-0.01;66257755
ETER3;7.66;5.08;6.05;0.68;0.39;27.61;8.29;6.56;4.79;5.74;0.77;0.11;0.4;1.29;-0.82;2.36;11.26;6.43;11.02;0.57;0.43;0.98;12.27;;2210080.21;11.24;1.27;-0.09;473208564.5
EUCA3;14.18;5.07;5.06;0.61;0.34;31.82;12.73;9.82;3.91;5.23;1.64;0.26;0.5;2.43;-0.53;1.61;12.13;6.63;11.36;0.55;0.45;0.68;15.81;43.97;20505.09;23.09;2.8;-0.15;1206571943
EUCA4;12.44;6.35;4.44;0.54;0.29;31.82;12.73;9.82;3.43;5.23;1.64;0.26;0.44;2.13;-0.46;1.61;12.13;6.63;11.36;0.55;0.45;0.68;15.81;43.97;491493.26;23.09;2.8;-0.13;1206571943
EVEN3;6.5;6.18;9.15;0.64;0.19;21.48;6.45;5.53;7.84;7.8;-0.05;0;0.51;0.36;-0.93;2.92;7.02;2.07;2.59;0.29;0.58;0.37;10.85;;7628421.74;10.11;0.71;-0.62;1300000000
EZTC3;14.63;1.89;12.7;0.71;0.57;31.07;18.56;23.45;16.05;16.32;-0.49;-0.02;2.98;1.72;-0.96;5.14;5.56;4.46;3.17;0.8;0.19;0.19;2.72;-6.64;40024875.97;20.71;1.15;-0.34;3233070577
FBMC3;0;;0;0;0;-60.76;-92.67;-101.97;0;-0.74;-0.67;;0;0;0;0.31;-24.19;-36.57;25.82;-1.51;2.51;0.36;-18.14;;;-87.48;-21.16;0;904253.84
FBMC4;1.96;;-0.09;-0.02;0.03;-60.76;-92.67;-101.97;-0.1;-0.74;-0.67;;0.09;-0.04;-0.05;0.31;-24.19;-36.57;25.82;-1.51;2.51;0.36;-18.14;;;-87.48;-21.16;0;904253.84
FESA3;63;4.72;8.15;1.73;1.35;35.06;24.01;24.15;8.2;5.88;-1.05;-0.22;1.97;4.13;-2.36;4.2;21.19;16.52;15.92;0.78;0.22;0.68;23.14;20.39;16411.33;36.46;7.73;-0.21;4708044800
FESA4;48.46;6.75;6.27;1.33;1.04;35.06;24.01;24.15;6.31;5.88;-1.05;-0.22;1.51;3.18;-1.81;4.2;21.19;16.52;15.92;0.78;0.22;0.68;23.14;20.39;8690101.41;36.46;7.73;-0.16;4708044800
FHER3;6.89;;-0.82;3.65;0.14;-1.71;-8.04;-8.02;-0.82;-0.76;0.08;-0.36;0.07;0.71;-0.54;1.35;-443.85;-16.84;-410.28;0.04;0.96;2.1;3.45;;216655.95;1.89;-8.38;0;371076686.8
FIBR3;66.3;;12.03;2.59;0.9;45.77;36.8;16.71;5.46;7.63;2.17;1.03;2.01;9.59;-1.28;1.46;21.57;7.48;17.1;0.35;0.65;0.45;21.43;;;25.55;5.51;0.07;36712556310
FIEI3;13;;6.35;0.36;0.3;-30.67;-422.2;190.77;-2.87;-2.51;0.36;-0.05;12.12;4.5;-0.33;3.03;5.63;4.74;-12.63;0.84;0.16;0.02;-18.7;;6804.63;36.37;2.05;-0.04;31487989
FIGE3;11.99;0.33;3.22;0.18;0.18;100;93.84;45.78;1.57;0.53;;;1.48;14171.8;-0.18;;5.69;5.55;;0.97;0.03;0.12;1.92;-6.17;;65.33;3.72;-0.11;9497566.76
FIGE4;0;;0;0;0;100;93.84;45.78;0;0.53;;;0;0;0;;5.69;5.55;;0.97;0.03;0.12;1.92;-6.17;;65.33;3.72;0;9497566.76
FIQE3;3.43;4.51;10.47;1.18;0.62;44.99;24.91;15.06;6.33;5.82;-0.55;-0.1;1.58;6.38;-0.89;1.48;11.26;5.93;10.78;0.53;0.47;0.39;;;717408.82;2.91;0.33;1.72;1241830159
FLEX3;0;;0;0;0;22.25;-72.5;-102.95;0;-0.44;-0.44;;0;0;0;0.15;-94.35;-223.42;100.17;-2.37;3.37;2.17;-5.08;;;-112.78;-106.4;0;0
FLRY3;15.12;3.07;28.02;1.62;0.72;27.08;14.42;5.72;11.13;15.84;4.44;0.65;1.6;11.1;-0.94;1.37;5.79;2.57;7.09;0.44;0.56;0.45;13.37;-1.64;55523176.56;9.31;0.54;-1.89;8273528313
FNCN3;14.25;3.75;2.65;0.96;0.75;92.06;10.29;132.47;34.09;34.09;;;3.51;1.23;-2.38;9.54;36.09;28.45;;0.79;0.21;0.21;-12.29;67.33;;14.92;5.38;-0.01;13021336.5
FRAS3;14.84;2.81;13.56;2.11;1.03;32.9;13.86;8.88;8.68;8.56;-0.26;-0.06;1.2;2.79;-2.53;2.64;15.59;7.59;13.27;0.49;0.51;0.86;29.71;35.77;7249122.03;7.02;1.09;0.29;4007042530
FRIO3;51;;-1.11;-0.5;0.12;15.69;6.55;-9.48;1.61;12.02;10.41;;0.11;-0.35;-0.44;0.68;-45.2;-10.94;9.5;-0.24;1.2;1.15;15.09;;6103;-101.49;-45.87;-0.01;209444454
FRTA3;2.19;;-0.62;-0.06;0.14;20.66;-46.69;-97.99;-1.3;-19.66;-18.31;;0.61;-0.05;-0.16;0.04;-10.01;-23.15;41.1;-2.31;3.31;0.24;-33.74;;25583.56;-35.41;-3.54;0;4497397.14
FTRT3B;0;;0;0;0;;;;0;0;0;0;;0;0;0;-0.95;-0.9;-2.42;0.95;0.05;0;;;;0.01;0;0;0
G2DI33;1.94;;2.88;0.27;0.24;100;84.27;80.51;2.75;3.24;0.54;0.05;2.32;24.52;-0.26;1.21;9.47;8.42;8.87;0.89;0.11;0.1;;;119422.41;7.12;0.67;-0.11;223209392.7
GBIO33;10.4;;-14.97;1.32;0.79;43.48;3.79;-10.14;40.09;47.57;7.48;0.25;1.52;7.57;-1.43;1.31;-8.83;-5.29;-0.1;0.6;0.4;0.52;12.83;;;7.86;-0.69;0.06;1108871982
GEPA3;25.25;12.72;7.04;1.16;0.65;43.92;38.51;23.81;4.35;5.56;1.07;0.29;1.68;-4.49;-0.76;0.48;16.42;9.3;14.04;0.57;0.43;0.39;-1.18;6.8;11237.94;21.86;3.59;0.02;2412140825
GEPA4;25.69;12.5;7.16;1.18;0.67;43.92;38.51;23.81;4.43;5.56;1.07;0.29;1.7;-4.57;-0.77;0.48;16.42;9.3;14.04;0.57;0.43;0.39;-1.18;6.8;25640.03;21.86;3.59;0.02;2412140825
GETT11;4.81;;15.12;2.48;0.16;41.43;18.41;17.71;14.55;;0.99;0.17;2.68;6.28;-3.92;1.03;16.41;1.07;10.57;0.07;0.93;0.06;;;1078155.63;1.94;0.32;0.13;
GETT3;2.4;;7.55;1.24;0.08;41.43;18.41;17.71;7.26;;0.99;0.17;1.34;3.13;-1.96;1.03;16.41;1.07;10.57;0.07;0.93;0.06;;;75696.11;1.94;0.32;0.07;
GETT4;2.4;;7.55;1.24;0.08;41.43;18.41;17.71;7.26;;0.99;0.17;1.34;3.13;-1.96;1.03;16.41;1.07;10.57;0.07;0.93;0.06;;;87049.26;1.94;0.32;0.07;
GFSA3;5.57;;-1.98;0.2;0.06;7.81;-17.12;-14.2;-1.64;-9.3;-7.58;0.92;0.28;0.16;-0.22;2.32;-10.02;-3.26;-6.41;0.33;0.67;0.23;7.64;;14783044.56;28.08;-2.81;0;352359197
GGBR3;20.18;16.3;3.71;0.72;0.48;19.11;18.52;12.54;2.51;3.11;0.46;0.13;0.47;1.77;-0.82;2.94;19.52;12.96;18.54;0.66;0.33;1.03;17.42;;1096566.05;27.87;5.44;-0.09;37377470478
GGBR4;21.84;15.06;4.01;0.78;0.52;19.11;18.52;12.54;2.72;3.11;0.46;0.13;0.5;1.92;-0.88;2.94;19.52;12.96;18.54;0.66;0.33;1.03;17.42;;207646177.6;27.87;5.44;-0.1;37377470478
GGPS3;16.25;1.59;19.13;3.88;1.17;17.33;10.8;5.68;10.06;10.86;0.53;0.2;1.09;3.29;-2.75;2.63;20.31;6.12;13.31;0.3;0.7;1.08;;;33634466.18;4.18;0.85;0.63;10922766839
GMAT3;5.84;;11.51;1.62;0.9;21.59;6.32;4.62;8.4;10.17;1.37;0.26;0.53;2.14;-2.43;2.98;14.04;7.8;13.01;0.56;0.44;1.69;30.71;47.75;36925495.13;3.61;0.51;0.4;12902581101
GNDI3;66.95;;-3584.81;5.84;2.38;18.55;3.28;-0.1;104.45;109.34;4.9;0.27;3.42;79.65;-3.01;1.17;-0.16;-0.07;2.22;0.41;0.59;0.69;29.03;;;11.47;-0.02;35.34;41526443086
GOAU3;10.05;11.54;3.25;0.6;0.14;19.11;18.44;4.2;0.74;1.14;0.39;0.32;0.14;0.49;-0.24;3.03;18.39;4.28;18.11;0.23;0.33;1.02;17.42;;546810.85;16.83;3.1;-0.08;10517158705
GOAU4;10.24;11.33;3.31;0.61;0.14;19.11;18.44;4.2;0.75;1.14;0.39;0.32;0.14;0.5;-0.24;3.03;18.39;4.28;18.11;0.23;0.33;1.02;17.42;;76232830.49;16.83;3.1;-0.08;10517158705
GOLL4;7.77;;-174.95;-1.22;1.51;25.67;11.27;-0.8;12.4;7.49;5.77;;1.4;-2.3;-1.84;0.21;-0.7;-0.86;-24.24;-1.24;2.24;1.08;8.03;;76580109.62;-6.38;-0.04;1.8;3253601284
GPAR3;45;;44.17;4.98;4.75;30.64;78.04;694.19;392.88;374.09;-18.8;-0.24;306.61;17.11;-6.66;30.76;11.27;10.75;-2.4;0.95;0.05;0.02;-9.31;-43.77;8333.33;9.04;1.02;-0.49;3585442590
GPIV33;2.6;;-0.28;0.1;0.04;100;154.55;185.32;-0.34;-1.48;-1.13;0.35;;-0.35;-0.04;0.6;-37.04;-12.64;-12.55;0.34;0.42;-0.07;;;40522.26;24.9;-9.22;0;112439327
GRAO3;0;;0;0;0;-1.88;3.19;1.89;0;3.07;3.07;2.88;0;0;0;0.88;55.75;6.97;10.91;0.13;0.8;3.68;;;;1.21;0.67;0;0
GRND3;6.15;23.3;9.96;1.64;1.5;42.35;9.28;22.64;24.3;22.07;-2.9;-0.2;2.25;2.82;-3.84;7.66;16.52;15.03;5.87;0.91;0.09;0.66;2.21;-3.36;11761877.74;3.74;0.62;-0.86;5548284000
GSHP3;14.5;;-1.5;-0.04;0.02;68.18;27.78;-12.06;0.65;39.51;38.86;;0.18;-0.43;-0.02;0.78;-2.46;-1.22;2.83;-0.5;1.5;0.1;-9.39;;3377.86;-392.36;-9.64;0.02;27967150.5
GUAR3;4.49;;-25.6;0.44;0.16;58.57;4.1;-1.03;6.41;11.67;4.88;0.34;0.26;0.62;-0.44;1.65;-1.73;-0.62;3.64;0.36;0.64;0.6;5.59;;9396787.56;10.14;-0.18;0.21;2241408000
GUAR4;151;;-861;14.89;5.32;58.57;4.1;-1.03;215.42;11.67;4.88;0.34;8.83;20.95;-14.9;1.65;-1.73;-0.62;3.64;0.36;0.64;0.6;5.59;;;10.14;-0.18;7.23;2241408000
HAGA3;2.5;;3.89;-0.54;0.5;27.03;21.32;25.82;4.72;0.2;-2.93;;1.01;1.23;-3.3;1.93;-13.78;12.94;-16.62;-0.94;1.94;0.5;2.91;;6658.31;-4.66;0.64;0.06;19516000.43
HAGA4;1.21;;1.88;-0.26;0.24;27.03;21.32;25.82;2.28;0.2;-2.93;;0.49;0.6;-1.6;1.93;-13.78;12.94;-16.62;-0.94;1.94;0.5;2.91;;40763.67;-4.66;0.64;0.03;19516000.43
HAPV3;3.74;;-35.94;0.57;0.38;23.96;0.63;-2.97;170.01;212.99;35.26;0.12;1.07;23.11;-0.43;1.15;-1.59;-1.05;-0.69;0.66;0.34;0.35;43.91;;287632155.1;6.54;-0.1;-0.17;28197592604
HBOR3;2.4;3.81;7.63;0.23;0.06;27.82;16.65;3.87;1.78;10.95;9.08;1.19;0.3;0.12;-0.18;3.62;3.04;0.76;3.64;0.25;0.6;0.2;11.84;;1449366.87;10.35;0.31;-0.21;321242572.8
HBRE3;4.72;;7.65;0.26;0.11;84.42;165.6;42.92;1.98;5.87;3.83;0.49;3.28;10.23;-0.12;1.17;3.34;1.48;5.93;0.44;0.42;0.03;21.74;-5.19;1178894.38;18.48;0.62;-0.12;487051990.3
HBSA3;4;;40.83;2.04;0.49;37.98;22.07;3.77;6.98;15.32;8.2;2.4;1.54;4.44;-0.62;2.13;5;1.2;6.38;0.24;0.76;0.32;17.46;44.82;42912959.64;1.96;0.1;-0.3;3041530572
HBTS5;52;5.57;3.97;0.83;0.33;89.64;133.89;118.82;3.52;4.67;1.15;0.27;4.71;-9.29;-0.37;0.77;20.89;8.29;16.33;0.4;0.6;0.07;49.55;;22925.5;62.76;13.11;-0.37;474951724
HETA3;96;;0.24;-0.14;3.55;100;66.2;6168.36;22.18;155.39;147.07;;14.69;-37.06;-4.81;0.73;-58.52;1491.54;391.44;-25.49;26.49;0.24;3.27;;;-689.01;403.24;0;18464425.99
HETA4;5.99;;0.01;-0.01;0.22;100;66.2;6168.36;1.38;155.39;147.07;;0.92;-2.31;-0.3;0.73;-58.52;1491.54;391.44;-25.49;26.49;0.24;3.27;;1378.53;-689.01;403.24;0;18464425.99
HGTX3;37.5;;101.99;3.57;2.48;40.58;-0.59;4.1;-707.65;-713.65;-5.99;0.03;4.18;7.5;-5.59;2.47;3.51;2.43;-7.32;0.69;0.31;0.59;-7.54;-26.63;;10.49;0.37;-1.23;6095022638
HOOT3;0;;0;0;0;69.58;132.67;109.2;0;0.07;-0.06;;0;0;0;0.13;-66.02;27.56;-68.65;-0.42;1.48;0.25;-3.08;;;-11.55;7.62;0;22183528.14
HOOT4;2.81;;0.37;-0.24;0.1;69.58;132.67;109.2;0.3;0.07;-0.06;;0.4;-0.16;-0.11;0.13;-66.02;27.56;-68.65;-0.42;1.48;0.25;-3.08;;13775.22;-11.55;7.62;0.01;22183528.14
HYPE3;31.37;3.93;11.23;1.74;0.82;63.15;32.88;21.6;7.38;10.9;2.83;0.67;2.43;5.21;-1.23;1.89;15.53;7.29;12.12;0.47;0.53;0.34;16.61;12.88;116878151.8;17.98;2.79;1.23;19870411218
IDVL3;2.16;;-0.99;0.93;0.06;-18.91;-40.19;-154.6;-3.81;-3.84;;;1.53;0.48;-0.13;1.26;-94.38;-5.67;;0.06;0.94;0.04;-32.17;;;2.31;-2.18;0;224007574.4
IDVL4;2.67;;-1.22;1.16;0.07;-18.91;-40.19;-154.6;-4.71;-3.84;;;1.89;0.59;-0.16;1.26;-94.38;-5.67;;0.06;0.94;0.04;-32.17;;;2.31;-2.18;0;224007574.4
IFCM3;1.25;;-1.75;0.34;0.15;42.99;-6.52;-27.93;-7.5;-16.2;-8.09;0.37;0.49;19.64;-0.2;1.03;-19.52;-8.36;-3.06;0.43;0.57;0.3;;;10190173.08;3.66;-0.71;-0.02;484169391.3
IGBR3;175.99;;0.56;-0.34;1.04;100;6032.01;5379.32;0.5;1.06;0.56;;30.26;-0.99;-2.15;0.33;-60.1;184.1;-146.75;-3.06;4.06;0.03;-7.98;;250175.33;-520.56;312.87;0;220074791
IGSN3;0;;0;0;0;33.12;12.41;-19.99;0;21.03;21.03;1.93;0;0;0;1.05;-14.79;-3.78;0.66;0.26;0.74;0.19;29.48;;;7.09;-1.05;0;0
IGTA3;33;;25.63;1.89;0.92;60.26;51.94;21.56;10.64;13.07;2.43;0.43;5.53;15.43;-1.18;1.37;7.36;3.58;9.21;0.49;0.51;0.17;7.55;0.59;;17.49;1.29;-0.08;5758073079
IGTI11;20.18;1.81;29.07;2.01;1.11;60.23;49.05;25.61;15.18;13.59;3.56;0.47;7.45;7.96;-1.39;3.22;6.91;3.82;7.27;0.55;0.44;0.15;7.95;29.39;70614805.85;10.05;0.69;-0.08;5329720225
IGTI3;2.61;2;11.28;0.78;0.43;60.23;49.05;25.61;5.89;13.59;3.56;0.47;2.89;3.09;-0.54;3.22;6.91;3.82;7.27;0.55;0.44;0.15;7.95;29.39;155678.49;3.35;0.23;-0.03;5329720225
IGTI4;8.34;1.88;36.04;2.49;1.38;60.23;49.05;25.61;18.82;13.59;3.56;0.47;9.23;9.87;-1.73;3.22;6.91;3.82;7.27;0.55;0.44;0.15;7.95;29.39;6567.55;3.35;0.23;-0.1;5329720225
INEP3;4.09;;-0.47;-0.1;0.14;-84.5;-1128.47;-4213.94;-1.75;-10.68;-9.03;;19.79;-0.14;-0.15;0.08;-21.28;-29.29;13.46;-1.38;2.38;0.01;-23.07;;325079.49;-40.91;-8.71;0;167644875.8
INEP4;3.3;;-0.38;-0.08;0.11;-84.5;-1128.47;-4213.94;-1.42;-10.68;-9.03;;15.97;-0.11;-0.12;0.08;-21.28;-29.29;13.46;-1.38;2.38;0.01;-23.07;;137872.77;-40.91;-8.71;0;167644875.8
INNT3;0;;0;0;0;24.36;10.9;9.04;0;4.92;4.92;1.51;0;0;0;1.04;25.37;3.89;9.27;0.15;0.85;0.43;30.4;13.01;;1.85;0.47;0;0
INTB3;19.38;2.09;11.9;2.63;1.34;30.5;11.8;12.24;12.35;12.06;-0.66;-0.14;1.46;2.93;-5.15;2.59;22.12;11.22;14.41;0.51;0.49;0.92;23.09;23.75;30236693.69;7.36;1.63;0.31;6349103312
IRBR3;40.86;;-10.88;0.81;0.16;-9.84;-15.96;-4.56;-3.11;-3.2;;;0.5;-1.01;-0.37;0.78;-7.47;-1.5;;0.2;0.8;0.33;8.26;;80679608.49;50.3;-3.75;0.17;3361266670
ITEC3;40.1;;-35.12;22.04;9.22;-121.18;-18852.94;-7435.88;-13.85;-13.21;0.64;-1.02;2611.73;25.42;-16.7;5.23;-62.76;-26.24;-174.07;0.42;0.58;0;-75.29;;;1.82;-1.14;1.36;443994658.6
ITSA3;8.84;8.4;6.46;1.12;0.84;34.55;199.77;169.98;5.5;5.88;0.32;0.07;10.99;19.62;-0.96;1.49;17.26;12.97;16.31;0.75;0.21;0.08;11.3;10.26;2067933.13;7.92;1.37;-214.47;85060038132
ITSA4;8.73;8.5;6.38;1.1;0.83;34.55;199.77;169.98;5.43;5.88;0.32;0.07;10.85;19.38;-0.95;1.49;17.26;12.97;16.31;0.75;0.21;0.08;11.3;10.26;178440622.5;7.92;1.37;-211.8;85060038132
ITUB3;23.23;6.44;7.21;1.27;0.09;32.97;11.01;9.29;6.09;6.71;;;0.67;;-0.09;;17.65;1.3;;0.07;0.92;0.14;13.63;6.36;14850635.38;18.24;3.22;0.39;2.47473E+11
ITUB4;27.3;5.48;8.48;1.5;0.11;32.97;11.01;9.29;7.16;6.71;;;0.79;;-0.11;;17.65;1.3;;0.07;0.92;0.14;13.63;6.36;632011078.5;18.24;3.22;0.46;2.47473E+11
JALL3;8.28;5.35;3.15;1.27;0.4;30.21;51.55;42.37;2.59;5.31;2.67;1.31;1.33;1.92;-0.61;2.53;40.16;12.66;16.71;0.32;0.68;0.3;;;7506071.21;6.55;2.63;;2513326634
JBSS3;19.88;10.06;9.49;1.04;0.22;-4.09;-3.86;1.26;-3.11;-8.77;-5.65;1.89;0.12;2.04;-0.35;1.43;10.97;2.34;-12.57;0.21;0.77;1.85;18.1;54.13;148142739.3;19.1;2.1;-0.12;44096153436
JFEN3;2.13;;-1.68;-0.07;0.04;10.27;-77.84;-35.66;-0.77;-10.98;-10.17;;0.6;-0.27;-0.21;0.85;-4.17;-2.35;87.49;-0.56;1.65;0.07;-47.18;;13070.59;-30.46;-1.27;0.02;44816825.19
JHSF3;4.2;11.15;6.15;0.57;0.27;55.96;44.96;27.67;3.79;7.1;3.17;0.47;1.7;1.25;-0.38;3.42;9.21;4.35;7.66;0.47;0.49;0.16;39.82;;12958274.62;7.41;0.68;-0.13;2853179872
JOPA3;21;3.91;15.52;0.39;0.1;19.66;4.75;0.65;2.13;8.39;6.24;1.14;0.1;0.31;-0.35;1.78;2.51;0.64;5.08;0.25;0.66;0.98;16.21;-5.65;37803;53.87;1.35;-0.25;223911091.4
JOPA4;33.8;2.67;24.98;0.63;0.16;19.66;4.75;0.65;3.43;8.39;6.24;1.14;0.16;0.51;-0.57;1.78;2.51;0.64;5.08;0.25;0.66;0.98;16.21;-5.65;3380;53.87;1.35;-0.4;223911091.4
JSLG3;8.5;2.78;6.7;1.48;0.25;18.43;17.19;5.43;2.12;6.5;4.33;3.03;0.36;3.03;-0.34;1.48;22.07;3.74;15.26;0.17;0.83;0.69;-3.66;;1660240.95;5.75;1.27;0.08;2434664163
KEPL3;10.5;10.84;6.02;2.82;1.55;34.29;25.06;19.31;4.64;4.45;-0.27;-0.17;1.16;5.04;-4.26;1.93;46.85;25.67;36.97;0.55;0.45;1.33;25.71;;12721572.51;3.72;1.74;0.5;1887061365
KLBN11;22;7.67;8.58;2.22;0.48;39.1;24.14;15.48;5.5;9.9;4.65;1.87;1.33;3.39;-0.65;2.16;25.81;5.57;8.05;0.22;0.74;0.36;19.06;40.17;101724691;9.93;2.56;-0.22;24718728126
KLBN3;4.41;7.66;8.6;2.22;0.48;39.1;24.14;15.48;5.52;9.9;4.65;1.87;1.33;3.4;-0.65;2.16;25.81;5.57;8.05;0.22;0.74;0.36;19.06;40.17;1604566.03;1.99;0.51;-0.22;24718728126
KLBN4;4.41;7.66;8.6;2.22;0.48;39.1;24.14;15.48;5.52;9.9;4.65;1.87;1.33;3.4;-0.65;2.16;25.81;5.57;8.05;0.22;0.74;0.36;19.06;40.17;8060763.79;1.99;0.51;-0.22;24718728126
KRSA3;0.8;;-2.78;0.59;0.13;21.53;11.1;-10.26;2.57;11.92;9.35;2.14;0.29;0.9;-0.18;2.02;-21.17;-4.67;6.33;0.22;0.76;0.45;;;1055327.31;1.36;-0.29;-0.02;618678453.6
LAME3;6.6;;21.15;1.91;0.28;32.9;4.35;2.27;11.03;16.86;5.87;1.01;0.48;1.2;-0.66;1.72;9.02;1.34;2.89;0.15;0.63;0.59;3.5;18.61;;3.46;0.31;-46.97;12391135397
LAME4;6.57;;21.06;1.9;0.28;32.9;4.35;2.27;10.98;16.86;5.87;1.01;0.48;1.19;-0.65;1.72;9.02;1.34;2.89;0.15;0.63;0.59;3.5;18.61;;3.46;0.31;-46.75;12391135397
LAND3;19.26;7.03;12.57;2.64;2.02;94.09;67.86;150.05;27.79;30.86;1.28;0.12;18.86;-40.78;-2.05;0.19;21.03;16.09;-2.85;0.76;0.24;0.11;;;2252646.97;7.29;1.53;0.02;1853331288
LAVV3;6.82;4.31;8.79;1.11;0.67;33.64;19.83;21.54;9.55;6.58;-3.32;-0.39;1.89;1.13;-2.93;4.33;12.6;7.62;8.46;0.6;0.35;0.35;122.69;;4368877.95;6.16;0.78;0.37;1360824281
LCAM3;24.15;;37.5;1.74;0.61;35.76;27.34;4.3;5.9;10.76;4.86;1.43;1.61;166.44;-0.75;1.02;4.64;1.63;9.64;0.35;0.65;0.38;49.27;40.15;;13.87;0.64;-0.58;12285815276
LEVE3;40.19;10.84;7.3;3.62;1.71;29.06;19.56;15.85;5.92;6.15;0.22;0.13;1.16;5.65;-4.61;1.93;49.55;23.47;34.33;0.47;0.53;1.48;13.28;24.38;21337581.18;11.11;5.51;0.19;5156718615
LHER3;0;;0;0;0;63.41;22.35;10.99;0;-3.77;-3.77;-0.15;0;0;0;6.36;1.95;0.67;3.94;0.34;0.66;0.06;4.31;-51.59;;141.54;2.76;0;0
LHER4;0;;0;0;0;63.41;22.35;10.99;0;-3.77;-3.77;-0.15;0;0;0;6.36;1.95;0.67;3.94;0.34;0.66;0.06;4.31;-51.59;;141.54;2.76;0;0
LIGT3;5.51;;-0.39;0.67;0.09;16.14;-14.91;-39.74;-1.04;-5.36;-4.33;2.8;0.15;-0.19;-0.11;0.27;-172.2;-22.51;-19.41;0.13;0.87;0.57;3.21;;8585148.51;8.21;-14.14;0;2052779835
LINX3;37.4;;-90.95;4.38;2.74;68.7;-4.79;-8.67;-164.48;-159.3;5.18;-0.14;7.88;11.96;-4.82;2.14;-4.81;-3.02;-2.23;0.63;0.37;0.35;14.3;;;8.55;-0.41;0.13;7083895104
LIPR3;70.12;3.38;35.99;3.88;3.64;;;;40.17;39.28;-0.89;-0.09;;33.14;-4.13;11.06;10.78;10.1;9.33;0.94;0.06;0;;-10.18;15669.67;18.07;1.95;-5.77;824954016.7
LJQQ3;3.88;;-22.5;1.42;0.26;33.14;2.69;-1.38;11.55;14.25;2.82;0.35;0.31;0.97;-0.71;1.71;-6.3;-1.14;4.72;0.18;0.82;0.83;18.92;;14559995.62;2.74;-0.17;0.1;726686243.7
LOGG3;20.61;4.45;9.35;0.58;0.34;98.61;140.74;91.28;6.07;10.75;4.58;0.44;8.54;3.7;-0.4;2.36;6.18;3.61;5.86;0.59;0.41;0.04;16.9;43.17;4677283.49;35.67;2.2;-0.21;2105500164
LOGN3;37.56;;10.59;4.28;1.19;23.67;17.51;17.4;10.52;13.88;2.37;0.96;1.84;11.01;-1.68;1.58;40.42;11.2;10.45;0.28;0.72;0.64;18.84;;3087980.03;8.78;3.55;0.08;4021129204
LPSB3;1.96;1.06;52;1.44;0.75;82.19;18.93;2.91;8.01;6.9;-1.4;-0.25;1.52;7.93;-0.99;1.63;2.77;1.44;13.24;0.52;0.49;0.5;11.92;;291880.56;1.36;0.04;-0.58;289207076.8
LREN3;12.21;5.95;11.57;1.21;0.59;59.99;7.71;7.63;11.46;11.34;-0.56;-0.06;0.88;2.35;-1.45;1.73;10.46;5.09;7.95;0.49;0.51;0.67;12.26;6.76;307979341.6;10.08;1.05;-1.07;11761001585
LTEL3B;86.61;1.41;16.5;5.71;5.64;;;;16.66;16.65;-0.02;-0.01;;-973.91;-5.68;0.52;34.63;34.21;34.27;0.99;0.01;0;;-16.16;;15.16;5.25;-0.42;18664056854
LUPA3;2.19;;2.21;0.55;0.17;21.99;-64.25;40.69;-1.4;-3.87;-2.4;0.94;0.9;2.32;-0.25;1.33;24.86;7.89;-59.21;0.32;0.68;0.19;-0.35;;1826557.49;3.99;0.99;0;86063988.75
LUXM3;0;;0;0;0;30.07;16.81;10.86;0;8.54;-0.15;-0.03;0;0;0;0.96;12.61;9.06;11.35;0.72;0.28;0.83;6.11;30.41;;5.59;0.7;0;199266480
LUXM4;17.19;;24.39;3.07;2.21;30.07;16.81;10.86;15.76;8.54;-0.15;-0.03;2.65;-437.84;-2.55;0.96;12.61;9.06;11.35;0.72;0.28;0.83;6.11;30.41;132064.67;5.59;0.7;0.74;199266480
LVTC3;4.09;0.33;19.13;0.41;0.19;21.78;6.68;1.37;3.92;2.99;-1.07;-0.11;0.26;0.63;-0.35;2.88;2.15;0.99;8.21;0.46;0.54;0.72;;;140552.64;9.95;0.21;-0.28;264471927.7
LWSA3;5.6;0.94;-174.64;1.15;0.76;45.96;5.16;-1.56;52.83;39.47;-15.62;-0.34;2.73;5.64;-1.29;1.48;-0.66;-0.43;2.02;0.66;0.34;0.28;31.17;;33202373.05;4.89;-0.03;0.46;3336279285
MAGG3;59.4;;-119.99;1.32;0.44;33.56;9.54;-0.57;7.17;11.3;4.13;0.76;0.68;9.32;-0.71;1.14;-1.1;-0.37;7.17;0.33;0.67;0.64;8.44;;;44.89;-0.5;1.04;2972404571
MAPT3;30.05;;-174.76;-4.45;35.72;;;;-174.76;-118.77;0;;;-5522.56;-35.72;0;-2.55;-20.44;2.55;-8.03;9.03;0;;;9015;-6.75;-0.17;21.47;18765212.75
MAPT4;11;;-63.97;-1.63;13.08;;;;-63.97;-118.77;0;;;-2021.57;-13.08;0;-2.55;-20.44;2.55;-8.03;9.03;0;;;2688;-6.75;-0.17;7.86;18765212.75
MATD3;7.05;0.91;23.58;1.64;0.53;34.17;20.07;5.54;6.51;8.99;2.3;0.58;1.31;3.4;-0.7;2.81;6.94;2.25;11.39;0.32;0.66;0.41;;;3326202.26;4.31;0.3;-2.13;2695425238
MBLY3;3.46;;-4.86;0.71;0.45;42.25;-13.31;-12.42;-4.54;-4.89;-0.13;0.02;0.6;1.14;-1.02;3.49;-14.7;-9.31;-11.72;0.63;0.37;0.75;;;6582404.46;4.84;-0.71;0.23;368455067.8
MDIA3;32.76;0.61;22.28;1.59;0.95;28.47;5.98;4.5;16.76;18.86;1.74;0.17;1;4.14;-1.7;2.07;7.12;4.26;5.78;0.6;0.4;0.95;13.34;-10;40098466.79;20.64;1.47;-1.14;11105640000
MDNE3;10.22;;6.81;0.69;0.28;31.88;12.83;12.95;6.87;6.4;-0.58;-0.06;0.88;1.18;-0.45;2.76;10.14;4.14;6.69;0.41;0.59;0.32;5.57;;4883448.41;14.8;1.5;0.2;867773812.5
MEAL3;1.57;;4.68;0.42;0.17;31.52;11.42;4.23;1.74;3.18;1.36;0.33;0.2;-3.36;-0.21;0.77;8.9;3.67;13.78;0.41;0.59;0.87;8.44;92.13;2915413.77;3.76;0.34;-0.02;449600162.1
MEGA3;7.91;;-694.85;0.99;0.29;28.19;26.14;-0.27;7.3;19.75;12.32;1.68;1.91;-3.89;-0.33;0.61;-0.14;-0.04;4.4;0.29;0.71;0.15;;;8109154.62;7.96;-0.01;;4925798698
MELK3;4.02;13.15;10.29;0.69;0.35;20.11;5.2;7.61;15.06;11.87;-3.12;-0.14;0.78;0.62;-1.93;3.11;6.74;3.35;1.78;0.5;0.46;0.44;17.62;2.47;1065520.46;5.79;0.39;-0.41;829202750.8
MERC3;15.28;;-76.53;1.11;1;70.52;-11.19;-7.54;-51.62;-39.69;;;5.77;16.95;-1.06;;-1.45;-1.31;;0.9;0.1;0.17;-29.95;;;13.81;-0.2;0.58;211609667.8
MERC4;7.16;6.28;-35.86;0.52;0.47;70.52;-11.19;-7.54;-24.19;-39.69;;;2.71;7.94;-0.5;;-1.45;-1.31;;0.9;0.1;0.17;-29.95;;5816;13.81;-0.2;0.27;211609667.8
MGEL3;19.13;;0.5;3.45;0.14;12.52;8.97;23.18;1.29;7.61;6.51;17.45;0.12;0.91;-0.26;1.49;692.47;28.32;-11.53;0.04;0.96;1.22;17.93;;;5.55;38.43;0;96029087.39
MGEL4;15.2;;0.4;2.74;0.11;12.52;8.97;23.18;1.02;7.61;6.51;17.45;0.09;0.73;-0.21;1.49;692.47;28.32;-11.53;0.04;0.96;1.22;17.93;;40485.14;5.55;38.43;0;96029087.39
MGLU3;1.46;;-11;0.98;0.28;27.92;1.31;-2.38;20.07;29.87;9.66;0.47;0.26;2.57;-0.6;1.25;-8.95;-2.52;-2.39;0.28;0.72;1.06;25.49;;221632564.7;1.48;-0.13;-0.01;9853433198
MILS3;10.8;2.05;10.95;1.99;1;64.57;31.89;19.1;6.56;7.79;1.29;0.39;2.09;4.36;-1.55;2.83;18.18;9.15;15.55;0.5;0.5;0.48;30.26;;11081878.92;5.43;0.99;0.31;2660135645
MLAS3;1.91;;-3.6;0.42;0.24;18.8;-8.5;-10.87;-4.6;-5.37;-0.58;0.05;0.39;0.43;-1.19;3.27;-11.61;-6.69;-7.79;0.58;0.42;0.62;;;8256744;4.58;-0.53;0.02;1567229920
MMAQ3;0;;0;0;0;9.67;6.17;4.08;0;3.19;3.17;0.76;0;0;0;1.58;15.88;7.41;8.56;0.47;0.53;1.82;25.76;29.54;;5503.84;873.91;0;1115195.25
MMAQ4;49.73;503.4;0.06;0.01;0;9.67;6.17;4.08;0.04;3.19;3.17;0.76;0;0.01;-0.02;1.58;15.88;7.41;8.56;0.47;0.53;1.82;25.76;29.54;;5503.84;873.91;-0.03;1115195.25
MMXM3;14;;-2.17;-0.11;0.71;;;;-181.31;-719.57;-538.27;;;-0.1;-0.75;0.01;-4.97;-32.75;0.28;-6.58;7.6;0;-6.95;;;-129.88;-6.46;0.03;90834562
MNDL3;49.95;;0.14;0.73;0.1;37.96;12.74;112.86;1.2;4.85;3.64;2.21;0.15;-0.75;-0.15;0.73;536.81;70.61;-34.7;0.13;0.87;0.63;11.73;;36548.13;68.56;368.06;0;123888987
MNPR3;14.26;;-65.28;-0.31;0.31;28.24;9.29;-0.4;2.84;2.99;0;;0.26;-0.27;-0.72;0.33;-0.47;-0.48;-10.56;-1.01;2.02;1.19;13.94;;69541.61;-46.09;-0.22;0.63;101247426
MOAR3;398.99;0.92;5.9;3.14;1.64;;;;4.17;3.95;-0.21;-0.16;;5.61;-2.79;3.5;53.22;27.86;39.35;0.52;0.48;0;;42.45;49620.44;127;67.59;0;4888114667
MODL11;8.46;;-27.27;1.66;0.27;50.83;-5.11;-5.48;-29.26;-29.26;;;1.5;;-0.3;;-6.1;-0.97;;0.16;0.84;0.18;;;;5.09;-0.31;0.17;1985844000
MODL3;3.08;1.42;-29.78;1.82;0.29;50.83;-5.11;-5.48;-31.96;-29.26;;;1.63;;-0.32;;-6.1;-0.97;;0.16;0.84;0.18;;;18194928.05;1.7;-0.1;0.19;1985844000
MODL4;2.72;;-26.3;1.6;0.26;50.83;-5.11;-5.48;-28.22;-29.26;;;1.44;;-0.29;;-6.1;-0.97;;0.16;0.84;0.18;;;;1.7;-0.1;0.17;1985844000
MOSI3;8.24;;32.29;1.56;1.46;89.47;6.23;14.75;76.45;36.94;-39.51;-0.81;4.76;1.91;-8.4;13.23;4.84;4.52;0.25;0.93;0.07;0.31;;;;5.27;0.26;;1043149227
MOVI3;8.77;3.11;27.69;1.03;0.15;33.44;19.87;1.09;1.52;7.03;5.46;3.71;0.3;1.65;-0.2;1.63;3.73;0.54;12.01;0.15;0.85;0.5;31.22;11.54;40443350.38;8.48;0.32;-0.31;3177389294
MPLU3;26.8;;12.2;17.37;2.68;95.29;66.35;56.37;10.37;7.73;-2.64;-4.42;6.88;50.65;-23.58;1.06;142.4;21.94;100.98;0.15;0.85;0.39;-17.46;8.96;;1.54;2.2;-0.39;4348208156
MRFG3;6.38;14.26;-3.78;1.51;0.05;11.1;1.1;-1.17;4.03;32.78;28.67;10.74;0.04;1.11;-0.07;1.14;-39.99;-1.28;1.44;0.03;0.82;1.09;66.77;;77473568.92;4.22;-1.69;0.03;6124800000
MRSA3B;25.06;2.33;8.13;1.42;0.58;42.7;35.7;17.7;4.03;5.46;1.54;0.54;1.44;-16.57;-0.68;0.81;17.48;7.12;15.94;0.41;0.59;0.4;9.87;17.84;15871.33;17.63;3.08;0.08;8292899031
MRSA5B;23.56;2.73;7.64;1.34;0.54;42.7;35.7;17.7;3.79;5.46;1.54;0.54;1.35;-15.58;-0.64;0.81;17.48;7.12;15.94;0.41;0.59;0.4;9.87;17.84;7418;17.63;3.08;0.07;8292899031
MRSA6B;23.56;2.73;7.64;1.34;0.54;42.7;35.7;17.7;3.79;5.46;1.54;0.54;1.35;-15.58;-0.64;0.81;17.48;7.12;15.94;0.41;0.59;0.4;9.87;17.84;6737.33;17.63;3.08;0.07;8292899031
MRVE3;8.33;;-38.95;0.78;0.2;20.68;-0.38;-1.75;-178.37;-472.12;-286.47;1.25;0.68;0.83;-0.38;2.06;-2;-0.51;-0.48;0.26;0.71;0.29;6.86;;140068954.6;10.71;-0.21;0.32;4681214740
MSPA3;46.25;0.12;17.74;0.36;0.21;37.32;13.61;8.25;10.75;14.19;3.61;0.12;1.46;7.67;-0.23;1.46;2.02;1.17;2.49;0.58;0.42;0.14;6.46;-15.23;;128.8;2.61;-0.12;291394491.3
MSPA4;40;0.15;15.34;0.31;0.18;37.32;13.61;8.25;9.3;14.19;3.61;0.12;1.27;6.64;-0.2;1.46;2.02;1.17;2.49;0.58;0.42;0.14;6.46;-15.23;6023;128.8;2.61;-0.1;291394491.3
MSRO3;702.5;;1733.91;253.87;65.63;45.43;31.23;7.41;411.21;414.12;2.91;1.8;128.44;8582.39;-95.71;1.02;14.64;3.78;14.96;0.26;0.74;0.51;8.72;94.15;;2.77;0.41;2451.84;18271898550
MTIG3;0;;0;0;0;-16.12;-64.07;-113.09;0;-1.28;-1.17;;0;0;0;0.27;-725.28;-74.53;-104.33;-0.1;1.1;0.66;-17.44;;;-0.06;-0.46;0;3700608
MTIG4;23;;-49.52;-359.15;36.91;-16.12;-64.07;-113.09;-87.41;-1.28;-1.17;;56;-50.93;-50.15;0.27;-725.28;-74.53;-104.33;-0.1;1.1;0.66;-17.44;;;-0.06;-0.46;-0.09;3700608
MTRE3;3.75;23.38;4.06;0.39;0.18;24.3;10.97;12.11;4.49;9.1;4.56;0.39;0.49;0.36;-0.89;2.85;9.49;4.51;4.21;0.47;0.51;0.37;69.15;;5000676.13;9.72;0.92;0.02;396655575
MTSA3;79;2.22;7.35;1.66;1.27;30.78;15.4;13.02;6.21;4.02;-0.84;-0.22;0.96;2.27;-5.61;3.6;22.64;17.26;18.07;0.76;0.24;1.33;27.16;48.38;7900;47.51;10.75;0.19;546499338
MTSA4;46.69;4.12;4.34;0.98;0.75;30.78;15.4;13.02;3.67;4.02;-0.84;-0.22;0.57;1.34;-3.32;3.6;22.64;17.26;18.07;0.76;0.24;1.33;27.16;48.38;178765;47.51;10.75;0.11;546499338
MULT3;25.14;3.51;15.78;2.19;1.4;92.65;74.87;48.73;10.27;11.82;1.3;0.28;7.69;94.63;-1.61;1.12;13.87;8.84;14.14;0.64;0.36;0.18;9.22;20.97;102618323.5;11.49;1.59;0.55;15103128398
MWET3;13.3;;0.89;-2.29;0.1;15.33;1.54;10.62;6.16;20.72;16.13;;0.09;-1.54;-0.16;0.86;-257.12;11.07;-28.09;-0.04;1.05;1.04;19.24;36.4;1993;-5.81;14.94;0;20401669.74
MWET4;8.22;;0.55;-1.41;0.06;15.33;1.54;10.62;3.8;20.72;16.13;;0.06;-0.95;-0.1;0.86;-257.12;11.07;-28.09;-0.04;1.05;1.04;19.24;36.4;32767.97;-5.81;14.94;0;20401669.74
MYPK3;11.47;2.63;-61.35;0.47;0.12;8.78;5.06;-0.18;2.14;6.72;4.54;0.99;0.11;0.76;-0.26;1.45;-0.76;-0.2;6.92;0.26;0.71;1.14;17.75;;18443863.21;24.63;-0.19;0.59;1763163823
NAFG3;64.37;;11.8;2.76;1.15;41.15;16.49;9.34;6.68;5.06;1.17;0.48;1.1;3.2;-2.87;2.52;23.42;9.77;15.89;0.42;0.58;1.05;7.87;35.19;;23.3;5.46;-1.14;508315292.4
NAFG4;19.02;;3.49;0.82;0.34;41.15;16.49;9.34;1.97;5.06;1.17;0.48;0.33;0.94;-0.85;2.52;23.42;9.77;15.89;0.42;0.58;1.05;7.87;35.19;;23.3;5.46;-0.34;508315292.4
NEMO3;0;;0;0;0;48.04;44.1;13.31;0;2.53;2.53;4.49;0;0;0;2.57;53.49;4.71;13.42;0.09;0.69;0.35;36.49;62.01;;35.25;18.86;0;0
NEMO5;52.97;;2.81;1.5;0.13;48.04;44.1;13.31;0.85;2.53;2.53;4.49;0.37;0.79;-0.18;2.57;53.49;4.71;13.42;0.09;0.69;0.35;36.49;62.01;;35.25;18.86;0.03;0
NEMO6;0;;0;0;0;48.04;44.1;13.31;0;2.53;2.53;4.49;0;0;0;2.57;53.49;4.71;13.42;0.09;0.69;0.35;36.49;62.01;;35.25;18.86;0;0
NEOE3;18.04;6.41;4.22;0.74;0.22;26.13;21.96;11.89;2.28;6.14;3.96;1.29;0.5;17.96;-0.29;1.06;17.61;5.33;12.45;0.3;0.7;0.45;15.85;66.47;29538108.62;24.28;4.28;0.18;21896902354
NEXP3;5.16;;-0.09;-0.11;0.11;77.8;-67.97;-113.2;-0.15;-0.7;-0.55;;0.1;-0.25;-0.16;0.45;-117.25;-117.1;129.17;-1;2;1.03;6.18;;9395.08;-48.73;-57.14;0;13702736.04
NGRD3;1.25;1.18;23.49;0.65;0.43;63.75;-4.11;4.65;-26.61;-13.72;14.38;-0.35;1.09;1.7;-0.77;2.37;2.78;1.84;-4.01;0.66;0.34;0.4;10.18;10.25;589616.28;1.91;0.05;0.03;298327912.5
NINJ3;4.45;;-57.14;0.81;0.75;91.26;-58.87;-6.64;-6.44;1.24;7.67;-0.96;3.79;0.86;-11.85;15.59;-1.41;-1.32;-12.51;0.94;0.06;0.2;;;7899405.33;5.52;-0.08;0.66;226046725.7
NORD3;5.49;;-4.76;-0.23;1.98;91.56;227.18;-376.57;7.89;16.13;8.24;;17.93;-0.23;-2.13;0.01;-4.89;-41.56;-3.89;-8.51;9.51;0.11;23.27;;1082;-23.6;-1.15;2.78;36351958.14
NRTQ3;0;;0;0;0;24.42;14.05;15.96;0;0.79;0.79;0.11;0;0;0;4.55;16.52;12.49;12.14;0.76;0.24;0.78;9.53;22.89;;19.63;3.24;0;0
NTCO3;12.49;;-6.11;0.84;0.34;64.7;-0.84;-8.22;-59.74;-96.92;-34.26;0.48;0.5;4.01;-0.5;1.36;-13.8;-5.6;-1.1;0.41;0.59;0.68;29.83;;136698126.3;14.81;-2.04;-0.01;17321732344
NUTR3;3.8;;14.29;1.59;0.52;16.31;6.77;2.26;4.78;5.33;0.51;0.17;0.32;1.42;-1.53;2.25;11.16;3.65;21.96;0.33;0.67;1.61;36.34;;21735.62;2.38;0.27;-0.23;50328720
ODER4;98.91;1.19;9.34;2.31;1.33;31.01;18.23;14.59;7.48;8.41;0.93;0.29;1.36;2.65;-4.47;3.52;24.73;14.26;20.17;0.58;0.42;0.98;18.87;47.44;9450.5;42.8;10.59;0.56;1116407654
ODPV3;10.39;2.77;12.65;4.22;2.73;47.47;28.54;22.18;9.83;9.44;-0.54;-0.23;2.81;-28.07;-3.41;0.67;33.32;21.57;28.63;0.65;0.35;0.97;5.77;-2.04;13655990.03;2.46;0.82;1.08;5740429939
OFSA3;18.88;3.37;58.81;1.53;0.78;49.32;13.77;1.73;7.38;8.74;1.02;0.21;1.02;2.02;-2.06;2.66;2.61;1.33;4.99;0.51;0.49;0.77;15.56;-14.59;220087.15;12.32;0.32;-0.7;1018557233
OGXP3;1.63;;-2.15;-0.98;0.92;;;;-9.26;-9.26;0;;;-0.98;;0.51;-45.53;-43.02;10.57;-0.94;1.94;0;;;;-1.67;-0.76;0.02;52747073.84
OIBR3;0.61;;-0.02;-0.02;0.01;-4.04;-169.6;-219.45;-0.02;-1.23;-1.2;;0.04;-0.21;-0.02;0.83;-95.2;-77.59;9179.64;-0.82;1.81;0.35;-15.11;;3461358.33;-36.34;-34.59;0;422028007.7
OIBR4;1.83;;-0.05;-0.05;0.04;-4.04;-169.6;-219.45;-0.07;-1.23;-1.2;;0.12;-0.62;-0.06;0.83;-95.2;-77.59;9179.64;-0.82;1.81;0.35;-15.11;;170301.36;-36.34;-34.59;0;422028007.7
OMGE3;27.57;;33.53;1335.61;450.12;28.74;29.64;8.49;9.6;9.61;0.01;1.16;2.85;22264.37;-528.17;1.16;3983.73;1342.57;5711.92;0.34;0.66;158.15;34.84;10.41;;0.02;0.82;-0.52;5521562589
ONCO3;9.61;;34.93;2.27;0.59;35.87;14.27;2.88;7.06;11.42;4.04;1.3;1.01;4.6;-0.89;1.63;6.51;1.7;10.98;0.26;0.68;0.59;;;22208674.97;4.23;0.28;0.91;5069098157
OPCT3;4.62;;15.54;1.17;0.39;20.2;15.05;4.23;4.37;9.35;4.79;1.28;0.66;-6.82;-0.55;0.83;7.53;2.53;10.5;0.34;0.66;0.6;47.73;52.12;3639425;3.95;0.3;-0.1;923813139.5
ORVR3;34.7;;-20.74;4.68;1.37;28.71;14.5;-18.23;26.07;34.61;7.9;1.42;3.78;12.38;-1.82;1.81;-22.54;-6.61;4.19;0.29;0.69;0.36;22.01;;10541969.79;7.42;-1.67;-0.13;2878395848
OSXB3;6.7;;-0.07;0;0.01;90.61;1515.79;-804.37;0.04;10.34;10.3;;0.58;-0.03;-0.01;0.01;-4.87;-10.77;-117.55;-2.21;3.21;0.01;26.98;;69209.31;-1913.22;-93.19;0;21091854.6
PARD3;20.25;0.64;36.76;5.3;2.1;26.45;13.31;6.98;19.27;19.93;0.66;0.18;2.57;-54.06;-3.28;0.9;14.42;5.7;14.8;0.4;0.6;0.82;13.44;2.56;7882065.83;3.82;0.55;-1.04;5403493010
PATI3;26.5;1.82;25.92;0.75;0.36;8.48;2.93;1.22;10.78;9.46;-1.43;-0.1;0.32;0.73;-1.62;2.74;2.89;1.4;2.77;0.48;0.52;1.15;23.42;7.19;7525.2;35.33;1.02;-0.31;640872137.5
PATI4;33;6.39;32.27;0.93;0.45;8.48;2.93;1.22;13.42;9.46;-1.43;-0.1;0.39;0.91;-2.02;2.74;2.89;1.4;2.77;0.48;0.52;1.15;23.42;7.19;5049.25;35.33;1.02;-0.38;640872137.5
PCAR3;3.37;;-0.5;0.08;0.02;23.75;-7.2;-15.48;-1.08;-4.7;-3.6;0.27;0.08;0.08;-0.06;1.67;-15.9;-4.19;-6.82;0.26;0.69;0.27;-17.25;;36531201.92;42.36;-6.73;0;910368662.5
PCAR4;72.11;;-10.71;1.7;0.45;23.75;-7.2;-15.48;-23.03;-4.7;-3.6;0.27;1.66;1.73;-1.26;1.67;-15.9;-4.19;-6.82;0.26;0.69;0.27;-17.25;;;42.36;-6.73;0.06;910368662.5
PDGR3;2.41;;-0.01;0;0.01;46.74;5.92;-739.44;1.19;199.65;198.45;;0.07;0;-0.03;0.24;-15.85;-74.2;1.23;-4.68;5.74;0.1;-23.6;;348075.18;-1600.02;-253.54;0;7764692.24
PDTC3;2.29;;9.3;1.34;0.36;34.21;8.97;5.08;5.26;7.56;2.23;0.57;0.47;1;-1.28;2.03;14.44;3.92;13.3;0.27;0.73;0.77;276.1;0.7;229213;1.7;0.25;-0.02;181401580.6
PEAB3;33.9;2.28;19.1;0.63;0.5;78.71;33.63;46.29;26.29;34.96;-6.76;-0.16;8.84;1.71;-0.72;14.66;3.29;2.6;1.82;0.79;0.21;0.06;-34.5;-9.21;11999.57;53.93;1.78;0.05;691152202.2
PEAB4;73.67;1.15;41.5;1.37;1.08;78.71;33.63;46.29;57.14;34.96;-6.76;-0.16;19.21;3.71;-1.57;14.66;3.29;2.6;1.82;0.79;0.21;0.06;-34.5;-9.21;97556;53.93;1.78;0.1;691152202.2
PETR3;38.48;24.09;3.21;1.35;0.51;50.63;40.34;26.89;2.14;3.01;0.93;0.59;0.86;-33.95;-0.59;0.9;42.19;15.79;25.62;0.37;0.62;0.59;17.72;;490172033;28.42;11.99;-1;4.84922E+11
PETR4;35.44;26.16;2.96;1.25;0.47;50.63;40.34;26.89;1.97;3.01;0.93;0.59;0.79;-31.27;-0.54;0.9;42.19;15.79;25.62;0.37;0.62;0.59;17.72;;1785216515;28.42;11.99;-0.93;4.84922E+11
PETZ3;3.7;0.58;41.6;0.92;0.43;47.25;4.6;1.33;12.05;12.26;-0.38;-0.03;0.55;2.41;-0.66;2.05;2.21;1.04;5.27;0.47;0.53;0.78;36.54;29.19;59637358.74;4.02;0.09;-0.97;1711336957
PFRM3;3.45;5.02;13.91;0.36;0.09;14.66;2.59;0.37;1.99;6.06;4.04;0.72;0.05;0.46;-0.31;1.4;2.56;0.67;8.43;0.26;0.67;1.8;13.77;;471916.18;9.69;0.25;-0.2;427154066.9
PGMN3;3.08;6.04;-9.39;0.74;0.2;31.85;5.54;-1.68;2.84;5.29;2.34;0.61;0.16;1.24;-0.39;1.47;-7.92;-2.1;12.24;0.27;0.73;1.25;9.03;;3311260.62;4.14;-0.33;0.04;1668683817
PINE3;4.16;3.9;7.81;0.83;0.04;11.37;6.36;5.85;7.19;6.76;;;0.46;-4.72;-0.07;0.98;10.6;0.55;;0.05;0.95;0.09;8.44;;416;5.02;0.53;0.04;725502751.9
PINE4;3.58;4.53;6.72;0.71;0.04;11.37;6.36;5.85;6.18;6.76;;;0.39;-4.06;-0.06;0.98;10.6;0.55;;0.05;0.95;0.09;8.44;;834056.74;5.02;0.53;0.03;725502751.9
PLAS3;7.09;;4.06;-0.27;0.13;11.91;5.73;2.39;1.69;7.24;5.49;;0.1;-0.37;-0.18;0.43;-6.64;3.29;20.5;-0.5;1.5;1.38;16.19;;3112.43;-26.29;1.75;-0.03;88096213.62
PLPL3;9.28;1.73;9.38;3.64;1;33.2;13.97;11.8;7.92;9.12;0.95;0.44;1.11;1.68;-7.24;3.27;38.78;10.68;18.48;0.28;0.72;0.91;;;13409264.26;2.55;0.99;0.11;1895495680
PMAM3;4.14;;-0.06;-0.05;0.09;-38.26;-117.98;-230.24;-0.11;-2.3;-2.18;;0.13;-0.06;-0.13;0.19;-85.52;-147.45;1206.9;-1.72;2.72;0.64;-10.58;;86895.41;-83.54;-71.44;0;179691934.9
PNVL3;10.64;2.09;19.37;1.42;0.57;31.09;3.52;1.96;10.78;16.65;5.43;0.72;0.38;3.3;-1.34;1.44;7.34;2.97;6.82;0.4;0.6;1.51;12.06;6.68;3653639.72;7.49;0.55;-80.6;1600016398
PNVL4;18.62;;33.89;2.49;1.01;31.09;3.52;1.96;18.87;16.65;5.43;0.72;0.66;5.77;-2.34;1.44;7.34;2.97;6.82;0.4;0.6;1.51;12.06;6.68;;7.49;0.55;-141.04;1600016398
POMO3;4.12;9.08;5.61;1.2;0.54;19.81;9.47;11.01;6.52;9.62;1.79;0.33;0.62;1.75;-1.27;2.13;21.41;9.56;8.69;0.45;0.55;0.87;13.49;57.34;1647440.36;3.43;0.74;0.04;4633571911
POMO4;5.33;7.02;7.25;1.55;0.69;19.81;9.47;11.01;8.43;9.62;1.79;0.33;0.8;2.26;-1.64;2.13;21.41;9.56;8.69;0.45;0.55;0.87;13.49;57.34;29001134.03;3.43;0.74;0.06;4633571911
PORT3;13.61;5.81;16.34;2.63;1.09;44.46;27.15;15.48;9.32;13.27;3.83;1.08;2.53;457.57;-1.26;1.02;16.08;6.65;10.35;0.41;0.59;0.43;7.48;9.73;4699560.23;5.18;0.83;0.26;5988248929
POSI3;6.47;7.95;4.31;0.66;0.24;28.2;13.05;5.62;1.86;3.72;1.79;0.64;0.24;0.58;-1.2;2.07;15.32;5.53;18.12;0.36;0.64;0.98;21.15;;10102745.44;9.8;1.5;12.82;917446000
POWE3;10.9;;23.92;0.99;0.38;6.82;3.52;2.59;17.55;10.6;-6.96;-0.39;0.62;6.57;-0.74;1.13;4.13;1.58;3.81;0.38;0.62;0.61;;;;11.02;0.46;-1.77;977237930.4
PPAR3;14.6;85.96;0.83;0.05;0.04;;;;1.03;-1.61;-2.63;-0.13;;0.38;-0.04;182.58;5.89;4.33;4.6;0.74;0.26;0;;36.61;;297.53;17.52;0.02;2160800
PPLA11;3.75;;2111;1172.78;19.58;;;;2111;2139.15;;;;-19.92;-19.58;0;55.56;0.93;;0.02;0.98;0;;;1013.43;0;0;-17.59;10554997.5
PRIO3;47.77;;11.39;3.94;1.63;65.22;57.43;46.03;9.13;11.13;1.96;0.85;5.24;-105.07;-1.9;0.9;34.61;14.32;20.68;0.41;0.59;0.31;64.15;135.99;430151303.3;12.12;4.2;0.35;42382936352
PRNR3;10.51;2.46;19.41;1.8;0.56;23.92;12.34;2.12;3.33;5.01;1.6;0.86;0.41;2.63;-1.23;1.65;9.25;2.9;19.1;0.31;0.67;1.37;28.03;;2645202.33;5.85;0.54;-7.13;408925781.1
PSSA3;25.26;3.84;8.75;1.43;0.31;100;5.43;6.15;9.9;3.23;-6.86;-0.99;0.54;4.66;-0.93;1.11;16.29;3.55;9.55;0.22;0.78;0.58;10.41;11.14;33481179.18;17.72;2.89;0.08;16332763876
PTBL3;4.7;4.47;80.23;1.77;0.22;40.43;8.24;0.39;3.78;8.82;4.88;2.29;0.31;6.67;-0.38;1.08;2.21;0.27;10.11;0.12;0.88;0.7;16.49;-33.63;5948969.85;2.65;0.06;-0.83;662638364.2
PTCA11;0;;0;0;0;46.31;12.43;7.83;0;1.26;1.26;0.51;0;0;0;1.72;25.44;9.77;17.76;0.38;0.62;1.25;21.08;23.89;;23.23;5.91;0;0
PTCA3;0;;0;0;0;46.31;12.43;7.83;0;1.26;1.26;0.51;0;0;0;1.72;25.44;9.77;17.76;0.38;0.62;1.25;21.08;23.89;;23.23;5.91;0;0
PTNT3;11.73;2.72;12.26;1.52;0.66;16.97;9.45;5.31;6.89;7.72;1.79;0.4;0.65;3.11;-1.37;1.68;12.43;5.35;9.58;0.43;0.49;1.01;11.78;13.24;11326.35;7.7;0.96;-0.3;480949029.1
PTNT4;9.15;3.48;9.57;1.19;0.51;16.97;9.45;5.31;5.37;7.72;1.79;0.4;0.51;2.43;-1.07;1.68;12.43;5.35;9.58;0.43;0.49;1.01;11.78;13.24;173838.13;7.7;0.96;-0.23;480949029.1
QGEP3;14.54;1.03;10.72;0.95;0.5;46.73;32.39;21.34;7.06;7.28;0.22;0.03;2.29;9.77;-0.67;1.24;8.85;4.65;7.13;0.53;0.47;0.22;34.1;0.18;;15.32;1.36;-0.14;3864832399
QUAL3;3.14;2.52;-4393.13;0.65;0.19;77.18;13.35;-0.01;3.61;9.25;5.53;0.99;0.48;7.62;-0.28;1.09;-0.01;0;6.6;0.3;0.7;0.4;-1.22;;16005646;4.86;0;43.9;891804980.5
QUSW3;0;;0;0;0;89.69;53.41;20.81;0;1.22;1.22;0.67;0;0;0;1.61;21.18;7.07;22.31;0.33;0.67;0.34;-6.67;;;85.64;18.14;0;0
QVQP3B;0;;0;0;0;;;;0;0.95;0.95;-0.98;;0;;;-94.62;-94.62;-103.08;1;0;0;;;;0;0;0;0
RADL3;25.64;0.59;42.72;7.96;2.48;29.95;6.29;3.25;22.1;23.63;1.02;0.37;1.39;14.99;-5.61;1.42;18.64;5.81;23.2;0.31;0.68;1.79;17.08;15.07;138514025.2;3.22;0.6;1.66;44049704608
RAIL3;22.1;0.3;52;2.65;0.88;34.49;33.64;7.64;11.81;15.45;3.28;0.74;3.97;9.74;-1.1;1.85;5.11;1.7;10.11;0.33;0.66;0.22;10.6;;327396842.8;8.32;0.43;-0.17;40992603773
RAIZ4;3.74;6.06;15.32;1.69;0.35;6.8;3.87;1.11;4.39;8.02;3.57;1.38;0.17;14.6;-0.6;1.06;11.03;2.27;12.39;0.21;0.79;2.05;;;71481048.18;2.21;0.24;-1.19;38718385470
RANI3;11.22;7.87;5.61;2.16;0.73;46.9;41.51;29.87;4.03;5.49;1.44;0.77;1.67;3.12;-1.17;2.7;38.49;13.06;16.12;0.34;0.66;0.44;14.44;;10834661.87;5.2;2;0.15;2764151559
RANI4;5.5;;2.75;1.06;0.36;46.9;41.51;29.87;1.98;5.49;1.44;0.77;0.82;1.53;-0.57;2.7;38.49;13.06;16.12;0.34;0.66;0.44;14.44;;;5.2;2;0.07;2764151559
RAPT3;9.65;5.3;6.68;1.08;0.25;25.11;12.03;4.2;2.33;5.01;2.37;1.1;0.28;0.82;-0.6;2.17;16.22;3.8;12.11;0.23;0.67;0.9;30.59;59.09;127296.21;8.91;1.45;-0.23;3486621402
RAPT4;11.1;4.61;7.68;1.25;0.29;25.11;12.03;4.2;2.68;5.01;2.37;1.1;0.32;0.94;-0.69;2.17;16.22;3.8;12.11;0.23;0.67;0.9;30.59;59.09;19769720.26;8.91;1.45;-0.26;3486621402
RCSL3;1.63;;-16.24;479.17;3.4;13.16;9.23;-19.27;33.91;24.6;-0.04;-0.61;3.13;20.88;-6.95;1.47;-2950.58;-20.92;1416.28;0.01;0.99;1.09;362.53;;3853626.36;0;-0.1;-0.05;154162144.2
RCSL4;1;;-9.96;293.97;2.08;13.16;9.23;-19.27;20.81;24.6;-0.04;-0.61;1.92;12.81;-4.26;1.47;-2950.58;-20.92;1416.28;0.01;0.99;1.09;362.53;;4114498.87;0;-0.1;-0.03;154162144.2
RDNI3;4.51;3.2;-56.79;0.32;0.09;24.68;8.66;-0.56;3.67;16.68;13.02;1.13;0.32;0.68;-0.12;1.71;-0.56;-0.15;2.47;0.27;0.72;0.27;18.15;;154503.64;14.21;-0.08;0.44;197401834.1
RDOR3;22.15;1.2;37.6;2.26;0.55;18.76;11.58;3.87;12.58;13.63;0.62;0.11;1.46;1.92;-1;2.68;6.02;1.45;6.93;0.24;0.74;0.37;;;188702041.4;9.79;0.59;22.24;50707830869
RECV3;20.84;5.08;6.13;1.42;0.9;40.93;34.59;33.72;5.97;5.98;-0.17;-0.04;2.07;-43.02;-1.11;0.9;23.12;14.74;18.86;0.64;0.36;0.44;;;68804336.56;14.71;3.4;0.1;6111978666
REDE3;5.71;9.43;9.25;3.17;0.46;28.44;21.67;8.61;3.67;6.68;2.97;2.57;0.8;10.6;-0.62;1.19;34.34;4.93;16.31;0.14;0.79;0.57;10.99;63.59;24254.56;1.8;0.62;-0.56;12049946466
RENT3;50.44;2.96;41.01;2.15;0.74;30;20.02;5.08;10.4;16.04;5.27;1.09;2.08;16.49;-0.97;1.24;5.24;1.81;8.23;0.35;0.65;0.36;24.03;20.86;383744329;23.46;1.23;-1.09;53484588059
RLOG3;23.08;;82.76;4.26;0.23;34.71;29.67;1.85;5.17;12.09;6.92;5.71;1.53;1.49;-0.31;2.64;5.15;0.28;5.46;0.05;0.71;0.15;50.58;4.37;;5.41;0.28;-2.42;10691215482
RNEW11;3.21;;0.41;0.31;0.1;28.24;335.58;261.71;0.32;1.53;1.2;1.16;1.08;-0.84;-0.1;0.2;75.53;23.56;43.65;0.31;0.69;0.09;-22.41;;32387.62;10.28;7.77;0;266947832.9
RNEW3;1.09;;0.42;0.32;0.1;28.24;335.58;261.71;0.33;1.53;1.2;1.16;1.1;-0.86;-0.1;0.2;75.53;23.56;43.65;0.31;0.69;0.09;-22.41;;116169.05;3.43;2.59;0;266947832.9
RNEW4;1.04;;0.4;0.3;0.09;28.24;335.58;261.71;0.31;1.53;1.2;1.16;1.05;-0.82;-0.1;0.2;75.53;23.56;43.65;0.31;0.69;0.09;-22.41;;148972.08;3.43;2.59;0;266947832.9
ROMI3;11.28;8.8;4.31;0.88;0.44;33.04;19.2;15.83;3.55;5.45;1.76;0.44;0.68;1.26;-1.14;2.31;20.47;10.2;11.62;0.5;0.5;0.64;18.8;43.87;6955446.21;12.78;2.62;0.31;1000920028
RPAD3;7.79;;10.84;0.61;0.6;;;;12.31;11.09;-1.14;-0.06;;11.41;-0.64;16.67;5.6;5.58;4.82;1;0;0;;6.93;6826.9;12.83;0.72;0.1;656194518.2
RPAD5;7.8;6.4;10.85;0.61;0.61;;;;12.33;11.09;-1.14;-0.06;;11.43;-0.64;16.67;5.6;5.58;4.82;1;0;0;;6.93;7461.57;12.83;0.72;0.1;656194518.2
RPAD6;7.7;;10.71;0.6;0.6;;;;12.17;11.09;-1.14;-0.06;;11.28;-0.63;16.67;5.6;5.58;4.82;1;0;0;;6.93;8505.77;12.83;0.72;0.1;656194518.2
RPMG3;2.18;;-0.16;-0.03;0.03;-13.11;-19.53;-17.3;-0.14;-0.15;0;;0.03;-0.03;-0.41;0.52;-20.25;-18.03;22.87;-0.89;1.89;1.04;48.3;;17499.15;-66.35;-13.44;0;147567751.2
RRRP3;32.09;;16.09;1.47;0.41;35.27;4.83;20.3;67.61;132.73;64.13;1.39;3.27;46.44;-0.47;1.08;9.11;2.56;-1.57;0.28;0.72;0.13;118.19;;168682896.4;21.89;1.99;-0.05;7701116307
RSID3;4.2;;-0.19;-0.07;0.13;100.78;679.93;1030.45;-0.29;-2.41;-2.12;;;-0.07;-0.29;0.24;-36.43;-67.77;51.03;-1.86;2.86;-0.07;;;168340.87;-60;-21.86;-0.01;84000000
RSUL3;0;;0;0;0;40.14;27.72;17.12;0;1.46;-0.37;-0.24;0;0;0;2.16;40.34;19.04;42.77;0.47;0.53;1.11;26.29;12.15;;26.61;10.74;0;191982611.5
RSUL4;76.94;3.78;7.17;2.89;1.36;40.14;27.72;17.12;4.43;1.46;-0.37;-0.24;1.23;4.83;-2.88;2.16;40.34;19.04;42.77;0.47;0.53;1.11;26.29;12.15;195649.67;26.61;10.74;0.76;191982611.5
SANB11;27.06;6.16;10.85;0.89;0.09;16.51;6.05;9.32;16.72;17.15;;;1.01;;-0.09;;8.25;0.83;;0.1;0.9;0.09;10.04;0.94;62709199.33;30.24;2.49;-0.27;1.01455E+11
SANB3;12.81;6.2;10.27;0.85;0.09;16.51;6.05;9.32;15.83;17.15;;;0.96;;-0.09;;8.25;0.83;;0.1;0.9;0.09;10.04;0.94;2051027.03;15.12;1.25;-0.26;1.01455E+11
SANB4;14.22;6.14;11.4;0.94;0.09;16.51;6.05;9.32;17.57;17.15;;;1.06;;-0.1;;8.25;0.83;;0.1;0.9;0.09;10.04;0.94;2978501.69;15.12;1.25;-0.28;1.01455E+11
SAPR11;22.86;8.02;5.05;0.76;0.39;60.18;34.84;23.19;3.36;5.58;2.17;0.49;1.17;8.33;-0.46;1.47;15.03;7.72;10.93;0.51;0.49;0.33;7.96;14.79;29465360.54;30.11;4.52;0.23;6909231633
SAPR3;4.41;7.7;4.87;0.73;0.38;60.18;34.84;23.19;3.24;5.58;2.17;0.49;1.13;8.03;-0.44;1.47;15.03;7.72;10.93;0.51;0.49;0.33;7.96;14.79;1196982.62;6.02;0.91;0.23;6909231633
SAPR4;4.56;8.19;5.04;0.76;0.39;60.18;34.84;23.19;3.35;5.58;2.17;0.49;1.17;8.3;-0.46;1.47;15.03;7.72;10.93;0.51;0.49;0.33;7.96;14.79;8415956.08;6.02;0.91;0.23;6909231633
SBFG3;7.29;1.86;14.39;0.77;0.22;48.22;6.05;1.89;4.51;11.54;6.73;1.15;0.27;1.25;-0.44;1.53;5.36;1.52;7.42;0.28;0.72;0.8;26.04;-12.36;19782166.41;9.44;0.51;-0.18;1776492664
SBSP3;59.56;2.14;12.67;1.42;0.71;34.52;21.29;13.52;8.04;11.49;3.25;0.57;1.71;-216.81;-0.8;0.97;11.18;5.59;8.17;0.5;0.5;0.41;8.59;4.99;175219839.4;42.06;4.7;0.4;40709847798
SCAR3;23.44;;45.09;0.88;0.38;48.54;36.63;3.85;4.74;10.37;5.59;1.04;1.74;2.13;-0.51;3.57;1.95;0.85;8;0.44;0.56;0.22;-6.96;-24.11;177515.05;26.65;0.52;-0.26;1353362757
SEDU3;23.8;;-13.36;15;1.53;48.36;-15.73;-25.77;-21.89;-27.94;-6.05;4.15;3.44;57.9;-2.27;1.09;-112.29;-11.46;-13.15;0.1;0.9;0.44;12.49;;;1.59;-1.78;0.01;6238667820
SEER3;6.1;;-4.86;0.63;0.23;49.92;3.92;-9.17;11.36;19.33;7.5;0.42;0.45;3.94;-0.29;1.34;-13.03;-4.65;3.13;0.36;0.64;0.51;6.36;;8295310.67;9.64;-1.26;-0.03;785201516
SEQL3;0.44;;-0.33;0.25;0.05;11.65;-5.87;-19.02;-1.08;-11.86;-10.81;2.52;0.06;15.62;-0.07;1.01;-75.69;-14.5;-7.97;0.19;0.81;0.76;;;4385337.59;1.75;-1.33;0;91073590.52
SGPS3;1;;-0.11;0.08;0.02;24.22;-7.26;-31.4;-0.48;-8.12;-7.63;1.32;0.03;0.72;-0.03;1.07;-75;-15.48;-6.85;0.21;0.79;0.49;-5.73;;879559.74;12.12;-9.09;0;50000000
SHOW3;2.13;;64.19;0.97;0.18;25.3;13.73;0.56;2.6;3.02;0.38;0.14;0.36;7.34;-0.64;1.03;1.51;0.28;16.63;0.18;0.81;0.5;-12.84;-44.98;349767.44;2.19;0.03;-0.59;143588899.8
SHUL3;111.89;0.24;125.98;33.44;17.43;28.44;19.28;14.95;97.68;45.76;0.13;0.04;18.84;42.02;-48.46;2.84;26.54;13.84;19.47;0.52;0.48;0.93;24.97;51.23;;3.35;0.89;2.85;18652657607
SHUL4;7.66;3.88;8.62;2.29;1.19;28.44;19.28;14.95;6.69;45.76;0.13;0.04;1.29;2.88;-3.32;2.84;26.54;13.84;19.47;0.52;0.48;0.93;24.97;51.23;3029470.31;3.35;0.89;0.2;18652657607
SIMH3;6.9;2.28;27.95;1.84;0.1;28.97;19.09;0.71;1.03;6.95;5.87;10.44;0.2;0.69;-0.14;1.87;6.57;0.34;11.41;0.05;0.9;0.49;27.43;;29577998.15;3.76;0.25;-0.39;5785014572
SLCE3;36.53;8.06;8.99;1.56;0.53;29.46;22.43;10.34;4.14;6.11;1.88;0.71;0.93;2.16;-1.05;1.99;17.39;5.93;16.21;0.34;0.64;0.57;34;20.93;44751749.79;23.38;4.07;-0.23;8280067263
SLED3;3.21;;0.45;-0.08;0.48;47.85;73.94;92.71;0.56;0.95;0.65;;0.42;-0.2;-0.72;0.12;-18.07;107.04;-15.91;-5.92;6.92;1.15;-45.03;;15851.91;-39.57;7.15;-0.02;16497692.59
SLED4;1.6;;0.22;-0.04;0.24;47.85;73.94;92.71;0.28;0.95;0.65;;0.21;-0.1;-0.36;0.12;-18.07;107.04;-15.91;-5.92;6.92;1.15;-45.03;;283562.78;-39.57;7.15;-0.01;16497692.59
SMFT3;19.01;;27.89;2.44;0.88;37.73;31.8;22.27;19.53;21.68;1.05;0.13;6.21;9.44;-1.2;1.55;8.75;3.16;6.6;0.36;0.64;0.14;31.49;;48373536.79;7.79;0.68;-0.15;11144465914
SMLS3;22.4;;10.78;4.09;1.02;85.18;41.42;39.07;10.17;9.93;-0.24;-0.1;4.21;18.78;-2.54;1.1;37.96;9.43;24.47;0.25;0.75;0.24;;;;5.47;2.08;-0.33;2781160547
SMTO3;36.36;4.53;12.69;2.18;0.68;31.37;30.95;16.17;6.63;10.17;3.39;1.11;2.05;4.19;-0.98;2.17;17.16;5.39;11.29;0.31;0.69;0.33;14.04;15.59;61027977.77;16.7;2.87;-0.39;12871851922
SNSY3;5.78;;-0.15;-0.02;0.09;25.14;6.63;-33.1;0.77;3.59;2.23;;0.05;3;-0.21;1.05;-15.19;-56.19;-3.24;-3.7;4.73;1.7;16.67;;6064.46;-245.68;-37.32;0;82792316
SNSY5;4.23;;-0.11;-0.02;0.06;25.14;6.63;-33.1;0.57;3.59;2.23;;0.04;2.19;-0.16;1.05;-15.19;-56.19;-3.24;-3.7;4.73;1.7;16.67;;27929.03;-245.68;-37.32;0;82792316
SNSY6;13.33;;-0.36;-0.05;0.2;25.14;6.63;-33.1;1.78;3.59;2.23;;0.12;6.92;-0.49;1.05;-15.19;-56.19;-3.24;-3.7;4.73;1.7;16.67;;;-245.68;-37.32;-0.01;82792316
SOJA3;13.12;0.63;8.59;1.87;0.72;14.23;10.88;9.82;7.75;9.74;1.74;0.42;0.84;2.49;-2.45;1.69;21.8;8.35;11.41;0.38;0.51;0.85;53.23;;3912660.97;7;1.53;0.17;1536881077
SOMA3;5.27;1.92;13.39;0.55;0.38;56.65;8.85;6;9.08;12.44;2.68;0.16;0.8;2.27;-0.56;2.16;4.1;2.87;4.24;0.7;0.3;0.48;36.69;31.09;94825422;9.61;0.39;-0.72;4135618656
SOND3;46.01;12.04;6.9;2.03;1.22;40.78;17.5;10.01;3.95;3.05;-1.13;-0.58;0.69;3.32;-3.54;2.29;29.45;17.73;24.27;0.6;0.4;1.77;23.5;38.59;;22.63;6.67;1.73;119896054
SOND5;51.01;11.95;7.65;2.25;1.36;40.78;17.5;10.01;4.37;3.05;-1.13;-0.58;0.77;3.68;-3.92;2.29;29.45;17.73;24.27;0.6;0.4;1.77;23.5;38.59;6732.33;22.63;6.67;1.92;119896054
SOND6;50.26;12.13;7.54;2.22;1.34;40.78;17.5;10.01;4.31;3.05;-1.13;-0.58;0.75;3.62;-3.87;2.29;29.45;17.73;24.27;0.6;0.4;1.77;23.5;38.59;7319.25;22.63;6.67;1.89;119896054
SPRI3;21.72;;-3.32;2.45;2.36;;;;-3;-2.46;0.17;-0.14;;4.61;-4.93;66.47;-73.82;-71.18;-81.66;0.96;0.04;0;;;;8.86;-6.54;-0.01;48073731.88
SPRI5;8.52;;-1.3;0.96;0.93;;;;-1.18;-2.46;0.17;-0.14;;1.81;-1.93;66.47;-73.82;-71.18;-81.66;0.96;0.04;0;;;;8.86;-6.54;0;48073731.88
SPRI6;11;;-1.68;1.24;1.2;;;;-1.52;-2.46;0.17;-0.14;;2.34;-2.49;66.47;-73.82;-71.18;-81.66;0.96;0.04;0;;;;8.86;-6.54;0;48073731.88
SPRT3B;76.4;;1816.79;-30200.65;2765162.3;;;;1078.02;1078.02;0;;;-30200.65;;0.01;-1662.31;152200.75;-2801.49;-91.56;92.56;0;;;;0;0.04;-16.21;370531748.8
SQIA3;27.16;0.2;2723.49;3.73;1.49;41.54;8.48;0.13;42.91;46.77;3.79;0.33;3.64;26.84;-1.82;1.44;0.14;0.05;4.28;0.4;0.58;0.41;35.51;-34.84;35688523.21;7.27;0.01;-28.6;2388503960
STBP3;7.5;5.95;17.37;2.97;1.47;44.75;30.07;19.38;11.2;11.07;-0.31;-0.08;3.37;41.77;-1.79;1.25;17.12;8.49;18.43;0.5;0.5;0.44;18.58;;37880526.21;2.52;0.43;13.56;6481277768
STKF3;0;;0;0;0;50.34;41.79;41.59;0;2.51;2.51;0.28;0;0;0;2.44;10.96;7.08;6.04;0.65;0.35;0.17;22.63;114.47;;7.66;0.84;0;0
STTR3;0;;0;0;0;31.37;17.25;14.11;0;-0.22;-0.22;-0.09;0;0;0;2.46;32.1;17.86;25.38;0.56;0.44;1.27;22.02;;;2.91;0.94;0;0
SULA11;22.25;0.27;52.23;1.13;0.31;4.25;-3.34;0.83;-12.92;6.54;19.47;-1.71;0.43;0.85;-0.91;2.29;2.17;0.6;-8.72;0.28;0.72;0.73;4.58;-23.56;98011165.19;19.64;0.43;-0.94;9475042424
SULA3;7.43;0.27;52.32;1.13;0.31;4.25;-3.34;0.83;-12.95;6.54;19.47;-1.71;0.43;0.85;-0.91;2.29;2.17;0.6;-8.72;0.28;0.72;0.73;4.58;-23.56;43292.81;6.55;0.14;-0.95;9475042424
SULA4;7.63;0.26;53.73;1.17;0.32;4.25;-3.34;0.83;-13.3;6.54;19.47;-1.71;0.44;0.88;-0.93;2.29;2.17;0.6;-8.72;0.28;0.72;0.73;4.58;-23.56;90108.19;6.55;0.14;-0.97;9475042424
SUZB3;51.92;3.46;4.04;1.65;0.49;42.65;37.39;38.93;4.2;7.61;3.55;1.39;1.57;2.79;-0.66;2.82;40.79;12.03;9.58;0.29;0.7;0.31;36.49;56.62;370420415.2;31.54;12.86;-0.61;68748186571
SYNE3;4.03;;-17.12;0.41;0.15;49.18;32.31;-8.48;4.49;9.67;5.04;0.46;1.45;1.92;-0.17;4.21;-2.38;-0.9;3.01;0.38;0.36;0.11;1.23;;841353.82;9.87;-0.24;0.17;615157113.4
TAEE11;33.96;9.96;10.02;1.75;0.62;70.93;77.68;49.81;6.42;10.94;4.45;1.21;4.99;4.86;-0.77;3.03;17.46;6.21;10.59;0.36;0.64;0.12;19.43;12.49;69435404;19.42;3.39;-0.23;11699182882
TAEE3;11.27;10;9.97;1.74;0.62;70.93;77.68;49.81;6.4;10.94;4.45;1.21;4.97;4.83;-0.77;3.03;17.46;6.21;10.59;0.36;0.64;0.12;19.43;12.49;1632569.1;6.47;1.13;-0.23;11699182882
TAEE4;11.36;9.92;10.05;1.76;0.62;70.93;77.68;49.81;6.45;10.94;4.45;1.21;5.01;4.87;-0.77;3.03;17.46;6.21;10.59;0.36;0.64;0.12;19.43;12.49;2985188.38;6.47;1.13;-0.23;11699182882
TASA3;14.82;9.42;6.08;1.77;0.92;40.56;21.22;14.27;4.09;4.76;0.53;0.23;0.87;4.38;-2.24;1.55;29.14;15.04;20.55;0.52;0.48;1.05;29.58;;203241.03;8.36;2.44;-0.11;1882335550
TASA4;14.89;9.37;6.11;1.78;0.92;40.56;21.22;14.27;4.11;4.76;0.53;0.23;0.87;4.4;-2.25;1.55;29.14;15.04;20.55;0.52;0.48;1.05;29.58;;6647381.74;8.36;2.44;-0.11;1882335550
TCNO3;1.2;;-7.52;-8.4;0.03;;;;-6.81;-34.51;-28.98;;;-0.08;-0.04;0.28;-111.63;-0.45;-3.55;0;1;0;;;;-0.14;-0.16;-0.28;6451072.5
TCNO4;0.85;;-5.33;-5.95;0.02;;;;-4.82;-34.51;-28.98;;;-0.06;-0.03;0.28;-111.63;-0.45;-3.55;0;1;0;;;;-0.14;-0.16;-0.2;6451072.5
TCSA3;2.97;;8.36;0.37;0.14;16.4;11.14;6.69;5.02;16.82;11.54;0.84;0.56;0.37;-0.3;3.54;4.37;1.67;2.52;0.38;0.6;0.25;-5.08;;394496.9;8.13;0.36;-0.07;218649113.1
TECN3;3.32;2.47;4.87;0.64;0.37;55.06;16.52;14.03;4.14;4.15;-0.04;-0.01;0.68;0.75;-1.03;4.32;13.16;7.57;10.41;0.57;0.43;0.54;0.65;;556811.15;5.18;0.68;0.12;235408633.8
TEKA3;8.23;;-0.03;0;0;18.21;-36.98;-54.76;-0.04;-5.31;-5.26;;0.02;0;0;0.04;-7.57;-13.48;7.09;-1.78;2.78;0.25;15.05;;;-3962.89;-300.06;0;4667292.45
TEKA4;9.8;;-0.03;0;0;18.21;-36.98;-54.76;-0.05;-5.31;-5.26;;0.02;0;0;0.04;-7.57;-13.48;7.09;-1.78;2.78;0.25;15.05;;16462.34;-3962.89;-300.06;0;4667292.45
TELB3;16;;-390.32;0.82;0.34;-50.89;13.72;-0.91;25.8;4.55;-19.83;-0.63;3.54;1.04;-0.57;5.7;-0.21;-0.09;2.96;0.41;0.59;0.1;36.54;;22850.83;19.41;-0.04;3.98;1308315401
TELB4;11.99;;-292.5;0.62;0.26;-50.89;13.72;-0.91;19.34;4.55;-19.83;-0.63;2.65;0.78;-0.42;5.7;-0.21;-0.09;2.96;0.41;0.59;0.1;36.54;;56387.64;19.41;-0.04;2.99;1308315401
TEND3;11.45;;-2.55;2.08;0.34;14.17;-7.25;-21.54;-7.58;-11.82;-4.07;1.12;0.55;7.13;-0.59;1.12;-81.66;-13.23;-11.34;0.16;0.84;0.61;-17.27;;42460922.77;5.5;-4.49;-0.03;1409429117
TESA3;48;;-13.3;1.62;0.52;15.86;9.39;-7.58;10.73;17.39;6.66;1.01;1.01;-11.1;-0.74;0.86;-12.18;-3.94;3.93;0.32;0.68;0.52;7.32;;;29.64;-3.61;0.83;1389696672
TFCO4;13.18;1.29;112.58;33.85;21.03;58.01;22.39;17.9;90.01;15.76;0.42;0.16;20.15;43;-74.23;3.15;30.07;18.68;25.5;0.62;0.38;1.04;22.58;26.89;1766540.41;0.39;0.12;6.09;2105083260
TGMA3;24.23;6.52;8.68;2;1.42;20.1;15.04;12.06;6.96;6.83;-0.29;-0.08;1.05;4.76;-2.73;2.62;23.01;16.31;17.84;0.71;0.29;1.35;4.8;12.17;4650354;12.13;2.79;0.14;1599250630
TIET11;12.54;;4.38;2.25;0.46;74.66;61.76;49.46;3.51;7.15;3.64;2.34;2.16;1031.49;-0.52;1;51.45;10.47;13.16;0.2;0.72;0.21;-5.19;23.78;;5.57;2.87;0.02;5004795801
TIET3;3.49;;6.09;3.13;0.64;74.66;61.76;49.46;4.88;7.15;3.64;2.34;3.01;1435.37;-0.72;1;51.45;10.47;13.16;0.2;0.72;0.21;-5.19;23.78;;1.11;0.57;0.03;5004795801
TIET4;3.51;;6.13;3.15;0.64;74.66;61.76;49.46;4.91;7.15;3.64;2.34;3.03;1443.59;-0.72;1;51.45;10.47;13.16;0.2;0.72;0.21;-5.19;23.78;;1.11;0.57;0.03;5004795801
TIMS3;14.95;5.53;17.87;1.43;0.65;50.2;15.48;8.83;10.19;10.89;0.41;0.06;1.58;-9.09;-0.78;0.7;7.99;3.63;11.38;0.45;0.55;0.41;5.81;10.4;107263865.3;10.46;0.84;-0.72;36191025750
TKNO3;69.63;;7.05;0.75;0.61;20.7;14.32;10.54;5.19;4.11;-0.75;-0.11;0.74;1.58;-1.31;3.65;10.69;8.7;12.5;0.81;0.19;0.83;19.94;;;92.42;9.88;-0.12;192152382.6
TKNO4;60;5.25;6.07;0.65;0.53;20.7;14.32;10.54;4.47;4.11;-0.75;-0.11;0.64;1.36;-1.13;3.65;10.69;8.7;12.5;0.81;0.19;0.83;19.94;;13242.2;92.42;9.88;-0.11;192152382.6
TOTS3;25.56;1.72;32.47;3.59;1.44;70.45;17.3;12;22.52;21.87;-1.39;-0.22;3.9;5.92;-3.5;1.71;11.05;4.45;8.35;0.4;0.57;0.37;11.23;39.19;107799083.8;7.12;0.79;1.79;15775202106
TOYB3;2.29;;-43.94;-4.97;4.03;24.06;-10.7;-10.96;-45;-47.62;-0.63;;4.81;-5.93;-11.89;0.49;-11.31;-9.18;11.93;-0.81;1.81;0.84;-33.11;;;-0.46;-0.05;0.47;71890222.22
TOYB4;2.5;;-47.96;-5.43;4.4;24.06;-10.7;-10.96;-49.12;-47.62;-0.63;;5.26;-6.47;-12.98;0.49;-11.31;-9.18;11.93;-0.81;1.81;0.84;-33.11;;;-0.46;-0.05;0.52;71890222.22
TPIS3;3.81;;-0.77;0.22;0.06;-1.15;-13.41;-25.48;-1.47;-15.29;-13.78;2.07;0.2;-0.47;-0.06;0.3;-28.47;-7.75;-5.86;0.27;0.73;0.3;-5.55;;222462.28;17.29;-4.92;0;167640000
TRAD3;0.98;;-2.21;0.57;0.53;30.23;-160.83;-202.48;-2.78;-1.7;1.17;-0.24;4.47;2.27;-0.75;4.92;-25.59;-24.02;-20.45;0.94;0.06;0.12;;;847257.13;1.73;-0.44;0;274544195.2
TRIS3;4.5;3.05;8.95;0.64;0.31;25.6;31.39;10.47;2.98;5.62;2.54;0.55;0.94;0.65;-1.22;2.83;7.17;3.5;10.9;0.49;0.49;0.33;11.47;21.81;5033925.9;7.02;0.5;0.54;839778921
TRPL3;29.99;3.54;8.34;1.13;0.58;60.07;64.9;43.32;5.57;6.81;2.08;0.42;3.61;7.77;-0.68;1.93;13.53;6.94;11.94;0.51;0.48;0.16;15.07;11.65;85435.85;26.57;3.6;-0.51;16528288977
TRPL4;21.93;4.84;6.1;0.83;0.42;60.07;64.9;43.32;4.07;6.81;2.08;0.42;2.64;5.69;-0.5;1.93;13.53;6.94;11.94;0.51;0.48;0.16;15.07;11.65;77157393.9;26.57;3.6;-0.38;16528288977
TRPN3;0.71;;0.44;0.54;0.4;100;71.7;59.29;0.37;-0.36;-0.72;-1.07;0.26;0.59;-6.13;3.61;122.35;90;90.82;0.74;0.26;1.52;-0.48;-0.38;;1.31;1.6;0;32162716
TTEN3;11.15;1.03;9.64;1.88;0.89;14.02;6.37;7.5;11.37;12.99;1.1;0.18;0.72;3.6;-2.59;1.6;19.52;9.2;9.19;0.47;0.53;1.23;;;15521238.56;5.93;1.16;0.32;5556018764
TUPY3;24.91;5.85;7.93;1.16;0.37;17.79;6.67;4.1;4.87;7.99;3.03;0.72;0.32;1.16;-0.95;2.06;14.57;4.62;10.28;0.32;0.68;1.13;22.39;24.17;15259359.23;21.56;3.14;4.56;3591461525
TXRX3;9;;-5.44;-0.11;0.17;26.92;10.05;-3.63;1.97;16.6;15.51;;0.2;-0.19;-0.34;0.37;-2.04;-3.07;-44.45;-1.51;2.51;0.84;20.12;;900;-81.16;-1.65;0.08;21517461
TXRX4;3;;-1.81;-0.04;0.06;26.92;10.05;-3.63;0.66;16.6;15.51;;0.07;-0.06;-0.11;0.37;-2.04;-3.07;-44.45;-1.51;2.51;0.84;20.12;;2226.89;-81.16;-1.65;0.03;21517461
UCAS3;2.48;7.32;9.61;0.85;0.55;34.46;4.87;7.46;14.74;13.42;-1.32;-0.08;0.72;37.16;-0.8;1.05;8.85;5.7;5.06;0.64;0.36;0.76;9.24;;192934.41;2.92;0.26;-0.18;163894182.7
UGPA3;20.47;1.71;16.64;1.89;0.67;5.48;2.33;1.01;7.24;10.13;2.7;0.7;0.17;2.8;-1.29;1.97;11.34;4;9.73;0.35;0.63;3.95;12.42;-2.72;106275484;10.85;1.23;-0.97;22828399670
UNIP3;67;9.37;8.88;2.67;1.19;38.9;24.82;12.5;4.48;4.66;-0.02;-0.01;1.11;5.84;-1.99;2;30.02;13.34;25.49;0.44;0.55;1.07;19.21;20.95;686891.67;25.12;7.54;-0.13;7219837041
UNIP5;79.03;8.82;10.48;3.15;1.4;38.9;24.82;12.5;5.28;4.66;-0.02;-0.01;1.31;6.89;-2.35;2;30.02;13.34;25.49;0.44;0.55;1.07;19.21;20.95;19022.77;25.12;7.54;-0.15;7219837041
UNIP6;70.85;9.75;9.39;2.82;1.25;38.9;24.82;12.5;4.73;4.66;-0.02;-0.01;1.17;6.17;-2.11;2;30.02;13.34;25.49;0.44;0.55;1.07;19.21;20.95;15979034.56;25.12;7.54;-0.14;7219837041
USIM3;6.3;4.74;-21.77;0.34;0.2;8.47;-2.09;-1.27;-13.24;-14.36;-0.58;0.01;0.28;0.59;-0.37;3.43;-1.55;-0.9;-2.06;0.58;0.35;0.71;24.78;9.47;1086365.69;18.71;-0.29;0.2;7856051091
USIM5;6.23;5.28;-21.52;0.33;0.19;8.47;-2.09;-1.27;-13.09;-14.36;-0.58;0.01;0.27;0.58;-0.37;3.43;-1.55;-0.9;-2.06;0.58;0.35;0.71;24.78;9.47;71047724.87;18.71;-0.29;0.2;7856051091
USIM6;16.31;2.02;-56.35;0.87;0.51;8.47;-2.09;-1.27;-34.27;-14.36;-0.58;0.01;0.72;1.53;-0.96;3.43;-1.55;-0.9;-2.06;0.58;0.35;0.71;24.78;9.47;3262;18.71;-0.29;0.53;7856051091
VALE3;67.57;5.98;6.45;1.61;0.69;40.12;31.07;23.03;4.78;5.29;0.78;0.26;1.49;59.53;-0.82;1.08;24.99;10.66;21.26;0.43;0.56;0.46;15.85;21.94;1662104488;41.9;10.47;-0.12;3.06701E+11
VAMO3;7.68;3.63;12.47;2.17;0.46;43.44;33.78;11.48;4.24;9.02;4.58;2.34;1.43;3.56;-0.62;2;17.38;3.7;13.6;0.21;0.79;0.32;64.03;53.16;91878590.1;3.54;0.62;0.33;8481212690
VBBR3;20.08;4.08;32.54;1.83;0.59;3.2;1.3;0.42;10.43;15.76;5.01;0.88;0.14;1.85;-1.22;2.64;5.61;1.82;7.32;0.32;0.68;4.35;16.5;-8.98;163852313.2;11;0.62;-0.45;23393200000
VITT3;9.9;3.33;11.18;2.52;1.67;39.73;19.32;16.68;9.65;10.97;1.12;0.29;1.87;4.61;-4.11;2.55;22.53;14.9;16.97;0.66;0.34;0.89;;;3297378.31;3.93;0.89;2.1;1416186159
VIVA3;25.3;1.44;15.96;3.31;2.01;69.78;21.01;18.83;14.3;14.83;0.03;0.01;3.01;5.3;-4.89;2.81;20.76;12.6;20.4;0.61;0.39;0.67;;;60372894.87;7.64;1.59;2.13;5975803556
VIVR3;3.41;;-1.26;4.37;0.25;28.15;-59.45;-57.23;-1.22;-1.28;-0.03;0.13;0.72;5.75;-0.5;1.09;-346.16;-19.63;-129.26;0.06;0.94;0.34;83.05;;1183610.56;0.78;-2.7;-0.05;80737011.63
VIVT3;44.73;5.76;17.87;1.08;0.61;42.96;13.84;8.43;10.88;13.21;2.02;0.2;1.51;-27.66;-0.74;0.89;6.05;3.42;6.88;0.56;0.44;0.41;2.14;-2.01;109039168;41.34;2.5;-0.57;74410892578
VIVT4;45.34;;18.12;1.1;0.62;42.96;13.84;8.43;11.03;13.21;2.02;0.2;1.53;-28.04;-0.75;0.89;6.05;3.42;6.88;0.56;0.44;0.41;2.14;-2.01;;41.34;2.5;-0.58;74410892578
VLID3;16;5.71;7.99;1.01;0.5;39.32;18.84;8.63;3.66;5.07;1.28;0.35;0.69;2.06;-0.96;2.03;12.68;6.28;15.27;0.49;0.49;0.73;3.6;42.7;7246053.03;15.79;2;0.05;1309382000
VSPT3;4.99;;-0.32;0.37;0.11;5.37;-46.42;-68.65;-0.47;-0.98;-0.52;0.41;0.22;-2.8;-0.13;0.79;-118.11;-34.47;-64.75;0.29;0.71;0.5;7.49;;;13.4;-15.83;0;712610842.2
VSPT4;0;;0;0;0;5.37;-46.42;-68.65;0;-0.98;-0.52;0.41;0;0;0;0.79;-118.11;-34.47;-64.75;0.29;0.71;0.5;7.49;;;13.4;-15.83;0;712610842.2
VSTE3;12.03;0.96;8.03;1.33;0.82;64.33;18.81;15.19;6.49;7.7;1.23;0.25;1.22;7;-1.22;1.56;16.54;10.18;7.51;0.62;0.38;0.67;-3.13;-16.59;237978.79;9.05;1.5;-0.07;1364525896
VULC3;17.5;3.45;8.05;2.27;1.58;39.23;18.67;19.83;8.55;9.13;0.2;0.05;1.6;3.15;-5;3.71;28.24;19.59;20.83;0.69;0.31;0.99;14.97;23.13;8959009.59;7.7;2.17;0.17;4303534270
VVAR11;14.58;;-30.01;7.52;1.05;30.67;1.83;-3.76;61.78;16.05;13.93;1.7;1.13;-9.43;-1.84;0.79;-25.05;-3.5;-4.45;0.14;0.86;0.93;3.76;;;1.94;-0.49;-0.31;1140998675
VVAR4;95.68;;-196.92;49.34;6.9;30.67;1.83;-3.76;405.42;16.05;13.93;1.7;7.41;-61.87;-12.09;0.79;-25.05;-3.5;-4.45;0.14;0.86;0.93;3.76;;;1.94;-0.49;-2.02;1140998675
VVEO3;15.45;1.79;23.82;2.1;0.55;16.23;6;2.05;8.12;12.22;3.76;0.97;0.49;2.2;-1.25;1.83;8.82;2.33;9.96;0.26;0.74;1.14;;;8532377.51;7.36;0.65;-0.89;4987578394
WEGE3;31.63;1.89;26.71;8.23;4.41;31.56;18.8;15.7;22.31;22.66;-0.48;-0.18;4.19;13.8;-14.23;1.86;30.82;16.52;25.44;0.54;0.45;1.05;25.71;34.19;277891928.1;3.84;1.18;0.66;1.32761E+11
WEST3;1.23;;-2.34;0.47;0.35;42.46;-35.85;-26.27;-1.71;-0.18;1.55;-0.43;0.61;0.83;-0.9;3.16;-20.29;-14.88;-25.86;0.73;0.27;0.57;367.94;;478893;2.59;-0.53;-0.08;136132210.6
WHRL3;4.27;4.38;18.24;2.69;0.73;15.89;7.1;3.25;8.36;7.33;-0.97;-0.31;0.59;14.24;-2.47;1.08;14.73;4.02;17.66;0.27;0.73;1.24;12.32;-4.2;12619.92;1.59;0.23;-0.32;6388451139
WHRL4;4.21;4.89;17.99;2.65;0.72;15.89;7.1;3.25;8.24;7.33;-0.97;-0.31;0.58;14.04;-2.44;1.08;14.73;4.02;17.66;0.27;0.73;1.24;12.32;-4.2;28067.92;1.59;0.23;-0.32;6388451139
WIZC3;5;8.9;7.62;1.93;0.34;58.2;36.98;10.49;2.16;2.33;0.12;0.1;0.8;-7.37;-0.44;0.84;25.32;4.42;21.69;0.17;0.59;0.42;12.37;-8.01;4321554.59;2.59;0.66;-0.46;799536410
WLMM3;28.04;2.35;9.01;1.56;1.08;12.56;7.05;5.11;6.53;7.6;-0.01;0;0.46;2.94;-2.83;2.48;17.35;12.01;13.8;0.69;0.31;2.35;32.16;;7775.25;17.94;3.11;0.74;1204817694
WLMM4;37.3;1.94;11.98;2.08;1.44;12.56;7.05;5.11;8.68;7.6;-0.01;0;0.61;3.9;-3.76;2.48;17.35;12.01;13.8;0.69;0.31;2.35;32.16;;91697.97;17.94;3.11;0.99;1204817694
YDUQ3;18.4;;51.62;1.81;0.58;58.53;16.35;2.27;7.16;12.68;5.37;1.36;1.17;6.16;-0.8;1.56;3.51;1.13;8.82;0.32;0.68;0.5;6.2;-23.65;102679002.2;10.16;0.36;0.06;5687234858
ZAMP3;6.25;;-15.44;1.26;0.43;64.96;2.25;-2.95;20.25;29.18;8.64;0.54;0.46;12.91;-0.55;1.18;-8.15;-2.77;2.35;0.34;0.66;0.94;15.36;;13935330.74;4.97;-0.4;-0.35;1720971544
